// Generated by scripts/encoding/GenerateJavaCharsets.java (OpenJDK 25).
#pragma once
#include <cstdint>
namespace bms_parser::detail {
constexpr uint32_t kJavaEucKrPairs[] = {
0x23000, 0x23001, 0x23002, 0x200b7, 0x22025, 0x22026, 0x200a8, 0x23003, 0x200ad, 0x22015, 0x22225, 0x2ff3c,
0x2223c, 0x22018, 0x22019, 0x2201c, 0x2201d, 0x23014, 0x23015, 0x23008, 0x23009, 0x2300a, 0x2300b, 0x2300c,
0x2300d, 0x2300e, 0x2300f, 0x23010, 0x23011, 0x200b1, 0x200d7, 0x200f7, 0x22260, 0x22264, 0x22265, 0x2221e,
0x22234, 0x200b0, 0x22032, 0x22033, 0x22103, 0x2212b, 0x2ffe0, 0x2ffe1, 0x2ffe5, 0x22642, 0x22640, 0x22220,
0x222a5, 0x22312, 0x22202, 0x22207, 0x22261, 0x22252, 0x200a7, 0x2203b, 0x22606, 0x22605, 0x225cb, 0x225cf,
0x225ce, 0x225c7, 0x225c6, 0x225a1, 0x225a0, 0x225b3, 0x225b2, 0x225bd, 0x225bc, 0x22192, 0x22190, 0x22191,
0x22193, 0x22194, 0x23013, 0x2226a, 0x2226b, 0x2221a, 0x2223d, 0x2221d, 0x22235, 0x2222b, 0x2222c, 0x22208,
0x2220b, 0x22286, 0x22287, 0x22282, 0x22283, 0x2222a, 0x22229, 0x22227, 0x22228, 0x2ffe2, 0x221d2, 0x221d4,
0x22200, 0x22203, 0x200b4, 0x2ff5e, 0x202c7, 0x202d8, 0x202dd, 0x202da, 0x202d9, 0x200b8, 0x202db, 0x200a1,
0x200bf, 0x202d0, 0x2222e, 0x22211, 0x2220f, 0x200a4, 0x22109, 0x22030, 0x225c1, 0x225c0, 0x225b7, 0x225b6,
0x22664, 0x22660, 0x22661, 0x22665, 0x22667, 0x22663, 0x22299, 0x225c8, 0x225a3, 0x225d0, 0x225d1, 0x22592,
0x225a4, 0x225a5, 0x225a8, 0x225a7, 0x225a6, 0x225a9, 0x22668, 0x2260f, 0x2260e, 0x2261c, 0x2261e, 0x200b6,
0x22020, 0x22021, 0x22195, 0x22197, 0x22199, 0x22196, 0x22198, 0x2266d, 0x22669, 0x2266a, 0x2266c, 0x2327f,
0x2321c, 0x22116, 0x233c7, 0x22122, 0x233c2, 0x233d8, 0x22121, 0x220ac, 0x200ae, 0x2327e, 0x4fffd, 0x4fffd,
0x4fffd, 0x4fffd, 0x4fffd, 0x4fffd, 0x4fffd, 0x4fffd, 0x4fffd, 0x4fffd, 0x4fffd, 0x4fffd, 0x4fffd, 0x4fffd,
0x4fffd, 0x4fffd, 0x4fffd, 0x4fffd, 0x4fffd, 0x4fffd, 0x4fffd, 0x0fffd, 0x2ff01, 0x2ff02, 0x2ff03, 0x2ff04,
0x2ff05, 0x2ff06, 0x2ff07, 0x2ff08, 0x2ff09, 0x2ff0a, 0x2ff0b, 0x2ff0c, 0x2ff0d, 0x2ff0e, 0x2ff0f, 0x2ff10,
0x2ff11, 0x2ff12, 0x2ff13, 0x2ff14, 0x2ff15, 0x2ff16, 0x2ff17, 0x2ff18, 0x2ff19, 0x2ff1a, 0x2ff1b, 0x2ff1c,
0x2ff1d, 0x2ff1e, 0x2ff1f, 0x2ff20, 0x2ff21, 0x2ff22, 0x2ff23, 0x2ff24, 0x2ff25, 0x2ff26, 0x2ff27, 0x2ff28,
0x2ff29, 0x2ff2a, 0x2ff2b, 0x2ff2c, 0x2ff2d, 0x2ff2e, 0x2ff2f, 0x2ff30, 0x2ff31, 0x2ff32, 0x2ff33, 0x2ff34,
0x2ff35, 0x2ff36, 0x2ff37, 0x2ff38, 0x2ff39, 0x2ff3a, 0x2ff3b, 0x2ffe6, 0x2ff3d, 0x2ff3e, 0x2ff3f, 0x2ff40,
0x2ff41, 0x2ff42, 0x2ff43, 0x2ff44, 0x2ff45, 0x2ff46, 0x2ff47, 0x2ff48, 0x2ff49, 0x2ff4a, 0x2ff4b, 0x2ff4c,
0x2ff4d, 0x2ff4e, 0x2ff4f, 0x2ff50, 0x2ff51, 0x2ff52, 0x2ff53, 0x2ff54, 0x2ff55, 0x2ff56, 0x2ff57, 0x2ff58,
0x2ff59, 0x2ff5a, 0x2ff5b, 0x2ff5c, 0x2ff5d, 0x2ffe3, 0x23131, 0x23132, 0x23133, 0x23134, 0x23135, 0x23136,
0x23137, 0x23138, 0x23139, 0x2313a, 0x2313b, 0x2313c, 0x2313d, 0x2313e, 0x2313f, 0x23140, 0x23141, 0x23142,
0x23143, 0x23144, 0x23145, 0x23146, 0x23147, 0x23148, 0x23149, 0x2314a, 0x2314b, 0x2314c, 0x2314d, 0x2314e,
0x2314f, 0x23150, 0x23151, 0x23152, 0x23153, 0x23154, 0x23155, 0x23156, 0x23157, 0x23158, 0x23159, 0x2315a,
0x2315b, 0x2315c, 0x2315d, 0x2315e, 0x2315f, 0x23160, 0x23161, 0x23162, 0x23163, 0x23164, 0x23165, 0x23166,
0x23167, 0x23168, 0x23169, 0x2316a, 0x2316b, 0x2316c, 0x2316d, 0x2316e, 0x2316f, 0x23170, 0x23171, 0x23172,
0x23173, 0x23174, 0x23175, 0x23176, 0x23177, 0x23178, 0x23179, 0x2317a, 0x2317b, 0x2317c, 0x2317d, 0x2317e,
0x2317f, 0x23180, 0x23181, 0x23182, 0x23183, 0x23184, 0x23185, 0x23186, 0x23187, 0x23188, 0x23189, 0x2318a,
0x2318b, 0x2318c, 0x2318d, 0x2318e, 0x22170, 0x22171, 0x22172, 0x22173, 0x22174, 0x22175, 0x22176, 0x22177,
0x22178, 0x22179, 0x4fffd, 0x4fffd, 0x0fffd, 0x0fffd, 0x0fffd, 0x22160, 0x22161, 0x22162, 0x22163, 0x22164,
0x22165, 0x22166, 0x22167, 0x22168, 0x22169, 0x4fffd, 0x4fffd, 0x4fffd, 0x4fffd, 0x4fffd, 0x4fffd, 0x4fffd,
0x20391, 0x20392, 0x20393, 0x20394, 0x20395, 0x20396, 0x20397, 0x20398, 0x20399, 0x2039a, 0x2039b, 0x2039c,
0x2039d, 0x2039e, 0x2039f, 0x203a0, 0x203a1, 0x203a3, 0x203a4, 0x203a5, 0x203a6, 0x203a7, 0x203a8, 0x203a9,
0x4fffd, 0x4fffd, 0x4fffd, 0x4fffd, 0x4fffd, 0x4fffd, 0x4fffd, 0x4fffd, 0x203b1, 0x203b2, 0x203b3, 0x203b4,
0x203b5, 0x203b6, 0x203b7, 0x203b8, 0x203b9, 0x203ba, 0x203bb, 0x203bc, 0x203bd, 0x203be, 0x203bf, 0x203c0,
0x203c1, 0x203c3, 0x203c4, 0x203c5, 0x203c6, 0x203c7, 0x203c8, 0x203c9, 0x4fffd, 0x4fffd, 0x4fffd, 0x4fffd,
0x4fffd, 0x0fffd, 0x22500, 0x22502, 0x2250c, 0x22510, 0x22518, 0x22514, 0x2251c, 0x2252c, 0x22524, 0x22534,
0x2253c, 0x22501, 0x22503, 0x2250f, 0x22513, 0x2251b, 0x22517, 0x22523, 0x22533, 0x2252b, 0x2253b, 0x2254b,
0x22520, 0x2252f, 0x22528, 0x22537, 0x2253f, 0x2251d, 0x22530, 0x22525, 0x22538, 0x22542, 0x22512, 0x22511,
0x2251a, 0x22519, 0x22516, 0x22515, 0x2250e, 0x2250d, 0x2251e, 0x2251f, 0x22521, 0x22522, 0x22526, 0x22527,
0x22529, 0x2252a, 0x2252d, 0x2252e, 0x22531, 0x22532, 0x22535, 0x22536, 0x22539, 0x2253a, 0x2253d, 0x2253e,
0x22540, 0x22541, 0x22543, 0x22544, 0x22545, 0x22546, 0x22547, 0x22548, 0x22549, 0x2254a, 0x4fffd, 0x4fffd,
0x4fffd, 0x4fffd, 0x4fffd, 0x4fffd, 0x4fffd, 0x4fffd, 0x4fffd, 0x4fffd, 0x4fffd, 0x4fffd, 0x4fffd, 0x4fffd,
0x4fffd, 0x4fffd, 0x4fffd, 0x4fffd, 0x4fffd, 0x4fffd, 0x4fffd, 0x4fffd, 0x4fffd, 0x4fffd, 0x4fffd, 0x0fffd,
0x23395, 0x23396, 0x23397, 0x22113, 0x23398, 0x233c4, 0x233a3, 0x233a4, 0x233a5, 0x233a6, 0x23399, 0x2339a,
0x2339b, 0x2339c, 0x2339d, 0x2339e, 0x2339f, 0x233a0, 0x233a1, 0x233a2, 0x233ca, 0x2338d, 0x2338e, 0x2338f,
0x233cf, 0x23388, 0x23389, 0x233c8, 0x233a7, 0x233a8, 0x233b0, 0x233b1, 0x233b2, 0x233b3, 0x233b4, 0x233b5,
0x233b6, 0x233b7, 0x233b8, 0x233b9, 0x23380, 0x23381, 0x23382, 0x23383, 0x23384, 0x233ba, 0x233bb, 0x233bc,
0x233bd, 0x233be, 0x233bf, 0x23390, 0x23391, 0x23392, 0x23393, 0x23394, 0x22126, 0x233c0, 0x233c1, 0x2338a,
0x2338b, 0x2338c, 0x233d6, 0x233c5, 0x233ad, 0x233ae, 0x233af, 0x233db, 0x233a9, 0x233aa, 0x233ab, 0x233ac,
0x233dd, 0x233d0, 0x233d3, 0x233c3, 0x233c9, 0x233dc, 0x233c6, 0x4fffd, 0x4fffd, 0x4fffd, 0x4fffd, 0x4fffd,
0x4fffd, 0x4fffd, 0x4fffd, 0x4fffd, 0x4fffd, 0x4fffd, 0x4fffd, 0x4fffd, 0x4fffd, 0x0fffd, 0x200c6, 0x200d0,
0x200aa, 0x20126, 0x4fffd, 0x20132, 0x4fffd, 0x2013f, 0x20141, 0x200d8, 0x20152, 0x200ba, 0x200de, 0x20166,
0x2014a, 0x4fffd, 0x23260, 0x23261, 0x23262, 0x23263, 0x23264, 0x23265, 0x23266, 0x23267, 0x23268, 0x23269,
0x2326a, 0x2326b, 0x2326c, 0x2326d, 0x2326e, 0x2326f, 0x23270, 0x23271, 0x23272, 0x23273, 0x23274, 0x23275,
0x23276, 0x23277, 0x23278, 0x23279, 0x2327a, 0x2327b, 0x224d0, 0x224d1, 0x224d2, 0x224d3, 0x224d4, 0x224d5,
0x224d6, 0x224d7, 0x224d8, 0x224d9, 0x224da, 0x224db, 0x224dc, 0x224dd, 0x224de, 0x224df, 0x224e0, 0x224e1,
0x224e2, 0x224e3, 0x224e4, 0x224e5, 0x224e6, 0x224e7, 0x224e8, 0x224e9, 0x22460, 0x22461, 0x22462, 0x22463,
0x22464, 0x22465, 0x22466, 0x22467, 0x22468, 0x22469, 0x2246a, 0x2246b, 0x2246c, 0x2246d, 0x2246e, 0x200bd,
0x22153, 0x22154, 0x200bc, 0x200be, 0x2215b, 0x2215c, 0x2215d, 0x2215e, 0x200e6, 0x20111, 0x200f0, 0x20127,
0x20131, 0x20133, 0x20138, 0x20140, 0x20142, 0x200f8, 0x20153, 0x200df, 0x200fe, 0x20167, 0x2014b, 0x20149,
0x23200, 0x23201, 0x23202, 0x23203, 0x23204, 0x23205, 0x23206, 0x23207, 0x23208, 0x23209, 0x2320a, 0x2320b,
0x2320c, 0x2320d, 0x2320e, 0x2320f, 0x23210, 0x23211, 0x23212, 0x23213, 0x23214, 0x23215, 0x23216, 0x23217,
0x23218, 0x23219, 0x2321a, 0x2321b, 0x2249c, 0x2249d, 0x2249e, 0x2249f, 0x224a0, 0x224a1, 0x224a2, 0x224a3,
0x224a4, 0x224a5, 0x224a6, 0x224a7, 0x224a8, 0x224a9, 0x224aa, 0x224ab, 0x224ac, 0x224ad, 0x224ae, 0x224af,
0x224b0, 0x224b1, 0x224b2, 0x224b3, 0x224b4, 0x224b5, 0x22474, 0x22475, 0x22476, 0x22477, 0x22478, 0x22479,
0x2247a, 0x2247b, 0x2247c, 0x2247d, 0x2247e, 0x2247f, 0x22480, 0x22481, 0x22482, 0x200b9, 0x200b2, 0x200b3,
0x22074, 0x2207f, 0x22081, 0x22082, 0x22083, 0x22084, 0x23041, 0x23042, 0x23043, 0x23044, 0x23045, 0x23046,
0x23047, 0x23048, 0x23049, 0x2304a, 0x2304b, 0x2304c, 0x2304d, 0x2304e, 0x2304f, 0x23050, 0x23051, 0x23052,
0x23053, 0x23054, 0x23055, 0x23056, 0x23057, 0x23058, 0x23059, 0x2305a, 0x2305b, 0x2305c, 0x2305d, 0x2305e,
0x2305f, 0x23060, 0x23061, 0x23062, 0x23063, 0x23064, 0x23065, 0x23066, 0x23067, 0x23068, 0x23069, 0x2306a,
0x2306b, 0x2306c, 0x2306d, 0x2306e, 0x2306f, 0x23070, 0x23071, 0x23072, 0x23073, 0x23074, 0x23075, 0x23076,
0x23077, 0x23078, 0x23079, 0x2307a, 0x2307b, 0x2307c, 0x2307d, 0x2307e, 0x2307f, 0x23080, 0x23081, 0x23082,
0x23083, 0x23084, 0x23085, 0x23086, 0x23087, 0x23088, 0x23089, 0x2308a, 0x2308b, 0x2308c, 0x2308d, 0x2308e,
0x2308f, 0x23090, 0x23091, 0x23092, 0x23093, 0x4fffd, 0x4fffd, 0x4fffd, 0x4fffd, 0x4fffd, 0x4fffd, 0x4fffd,
0x4fffd, 0x4fffd, 0x4fffd, 0x0fffd, 0x230a1, 0x230a2, 0x230a3, 0x230a4, 0x230a5, 0x230a6, 0x230a7, 0x230a8,
0x230a9, 0x230aa, 0x230ab, 0x230ac, 0x230ad, 0x230ae, 0x230af, 0x230b0, 0x230b1, 0x230b2, 0x230b3, 0x230b4,
0x230b5, 0x230b6, 0x230b7, 0x230b8, 0x230b9, 0x230ba, 0x230bb, 0x230bc, 0x230bd, 0x230be, 0x230bf, 0x230c0,
0x230c1, 0x230c2, 0x230c3, 0x230c4, 0x230c5, 0x230c6, 0x230c7, 0x230c8, 0x230c9, 0x230ca, 0x230cb, 0x230cc,
0x230cd, 0x230ce, 0x230cf, 0x230d0, 0x230d1, 0x230d2, 0x230d3, 0x230d4, 0x230d5, 0x230d6, 0x230d7, 0x230d8,
0x230d9, 0x230da, 0x230db, 0x230dc, 0x230dd, 0x230de, 0x230df, 0x230e0, 0x230e1, 0x230e2, 0x230e3, 0x230e4,
0x230e5, 0x230e6, 0x230e7, 0x230e8, 0x230e9, 0x230ea, 0x230eb, 0x230ec, 0x230ed, 0x230ee, 0x230ef, 0x230f0,
0x230f1, 0x230f2, 0x230f3, 0x230f4, 0x230f5, 0x230f6, 0x4fffd, 0x4fffd, 0x4fffd, 0x4fffd, 0x4fffd, 0x4fffd,
0x4fffd, 0x0fffd, 0x20410, 0x20411, 0x20412, 0x20413, 0x20414, 0x20415, 0x20401, 0x20416, 0x20417, 0x20418,
0x20419, 0x2041a, 0x2041b, 0x2041c, 0x2041d, 0x2041e, 0x2041f, 0x20420, 0x20421, 0x20422, 0x20423, 0x20424,
0x20425, 0x20426, 0x20427, 0x20428, 0x20429, 0x2042a, 0x2042b, 0x2042c, 0x2042d, 0x2042e, 0x2042f, 0x4fffd,
0x4fffd, 0x4fffd, 0x4fffd, 0x4fffd, 0x4fffd, 0x4fffd, 0x0fffd, 0x4fffd, 0x4fffd, 0x4fffd, 0x4fffd, 0x4fffd,
0x4fffd, 0x4fffd, 0x20430, 0x20431, 0x20432, 0x20433, 0x20434, 0x20435, 0x20451, 0x20436, 0x20437, 0x20438,
0x20439, 0x2043a, 0x2043b, 0x2043c, 0x2043d, 0x2043e, 0x2043f, 0x20440, 0x20441, 0x20442, 0x20443, 0x20444,
0x20445, 0x20446, 0x20447, 0x20448, 0x20449, 0x2044a, 0x2044b, 0x2044c, 0x2044d, 0x2044e, 0x2044f, 0x4fffd,
0x4fffd, 0x4fffd, 0x4fffd, 0x4fffd, 0x4fffd, 0x4fffd, 0x4fffd, 0x4fffd, 0x4fffd, 0x4fffd, 0x4fffd, 0x0fffd,
0x4fffd, 0x4fffd, 0x4fffd, 0x4fffd, 0x4fffd, 0x4fffd, 0x4fffd, 0x4fffd, 0x4fffd, 0x4fffd, 0x4fffd, 0x4fffd,
0x4fffd, 0x4fffd, 0x4fffd, 0x4fffd, 0x4fffd, 0x4fffd, 0x4fffd, 0x4fffd, 0x4fffd, 0x4fffd, 0x4fffd, 0x4fffd,
0x4fffd, 0x4fffd, 0x4fffd, 0x4fffd, 0x4fffd, 0x4fffd, 0x4fffd, 0x4fffd, 0x4fffd, 0x4fffd, 0x4fffd, 0x4fffd,
0x4fffd, 0x4fffd, 0x4fffd, 0x4fffd, 0x4fffd, 0x4fffd, 0x4fffd, 0x4fffd, 0x4fffd, 0x4fffd, 0x4fffd, 0x4fffd,
0x4fffd, 0x4fffd, 0x4fffd, 0x4fffd, 0x4fffd, 0x4fffd, 0x4fffd, 0x4fffd, 0x4fffd, 0x4fffd, 0x4fffd, 0x4fffd,
0x4fffd, 0x4fffd, 0x4fffd, 0x4fffd, 0x4fffd, 0x4fffd, 0x4fffd, 0x4fffd, 0x4fffd, 0x4fffd, 0x4fffd, 0x4fffd,
0x4fffd, 0x4fffd, 0x4fffd, 0x4fffd, 0x4fffd, 0x4fffd, 0x4fffd, 0x4fffd, 0x4fffd, 0x4fffd, 0x4fffd, 0x4fffd,
0x4fffd, 0x4fffd, 0x4fffd, 0x4fffd, 0x4fffd, 0x4fffd, 0x4fffd, 0x4fffd, 0x4fffd, 0x4fffd, 0x4fffd, 0x4fffd,
0x4fffd, 0x4fffd, 0x4fffd, 0x4fffd, 0x4fffd, 0x4fffd, 0x4fffd, 0x4fffd, 0x4fffd, 0x4fffd, 0x4fffd, 0x4fffd,
0x4fffd, 0x4fffd, 0x4fffd, 0x4fffd, 0x4fffd, 0x4fffd, 0x4fffd, 0x4fffd, 0x4fffd, 0x4fffd, 0x4fffd, 0x4fffd,
0x4fffd, 0x4fffd, 0x4fffd, 0x4fffd, 0x4fffd, 0x4fffd, 0x4fffd, 0x4fffd, 0x4fffd, 0x4fffd, 0x4fffd, 0x4fffd,
0x4fffd, 0x4fffd, 0x4fffd, 0x4fffd, 0x4fffd, 0x4fffd, 0x4fffd, 0x4fffd, 0x4fffd, 0x4fffd, 0x4fffd, 0x4fffd,
0x4fffd, 0x4fffd, 0x4fffd, 0x4fffd, 0x4fffd, 0x4fffd, 0x4fffd, 0x4fffd, 0x4fffd, 0x4fffd, 0x4fffd, 0x4fffd,
0x4fffd, 0x4fffd, 0x4fffd, 0x4fffd, 0x4fffd, 0x4fffd, 0x4fffd, 0x4fffd, 0x4fffd, 0x4fffd, 0x4fffd, 0x4fffd,
0x4fffd, 0x4fffd, 0x4fffd, 0x4fffd, 0x4fffd, 0x4fffd, 0x4fffd, 0x4fffd, 0x4fffd, 0x4fffd, 0x4fffd, 0x4fffd,
0x4fffd, 0x4fffd, 0x4fffd, 0x4fffd, 0x4fffd, 0x4fffd, 0x4fffd, 0x4fffd, 0x4fffd, 0x4fffd, 0x4fffd, 0x4fffd,
0x4fffd, 0x4fffd, 0x4fffd, 0x4fffd, 0x4fffd, 0x4fffd, 0x4fffd, 0x4fffd, 0x4fffd, 0x4fffd, 0x4fffd, 0x4fffd,
0x4fffd, 0x4fffd, 0x4fffd, 0x4fffd, 0x4fffd, 0x4fffd, 0x4fffd, 0x4fffd, 0x4fffd, 0x4fffd, 0x4fffd, 0x4fffd,
0x4fffd, 0x4fffd, 0x4fffd, 0x4fffd, 0x4fffd, 0x4fffd, 0x4fffd, 0x4fffd, 0x4fffd, 0x4fffd, 0x4fffd, 0x4fffd,
0x4fffd, 0x4fffd, 0x4fffd, 0x4fffd, 0x4fffd, 0x4fffd, 0x4fffd, 0x4fffd, 0x4fffd, 0x4fffd, 0x4fffd, 0x4fffd,
0x4fffd, 0x4fffd, 0x4fffd, 0x4fffd, 0x4fffd, 0x4fffd, 0x4fffd, 0x4fffd, 0x4fffd, 0x4fffd, 0x4fffd, 0x4fffd,
0x4fffd, 0x4fffd, 0x4fffd, 0x4fffd, 0x4fffd, 0x4fffd, 0x4fffd, 0x4fffd, 0x4fffd, 0x4fffd, 0x4fffd, 0x4fffd,
0x4fffd, 0x4fffd, 0x4fffd, 0x4fffd, 0x4fffd, 0x4fffd, 0x4fffd, 0x4fffd, 0x4fffd, 0x4fffd, 0x4fffd, 0x4fffd,
0x4fffd, 0x4fffd, 0x4fffd, 0x4fffd, 0x4fffd, 0x4fffd, 0x2ac00, 0x2ac01, 0x2ac04, 0x2ac07, 0x2ac08, 0x2ac09,
0x2ac0a, 0x2ac10, 0x2ac11, 0x2ac12, 0x2ac13, 0x2ac14, 0x2ac15, 0x2ac16, 0x2ac17, 0x2ac19, 0x2ac1a, 0x2ac1b,
0x2ac1c, 0x2ac1d, 0x2ac20, 0x2ac24, 0x2ac2c, 0x2ac2d, 0x2ac2f, 0x2ac30, 0x2ac31, 0x2ac38, 0x2ac39, 0x2ac3c,
0x2ac40, 0x2ac4b, 0x2ac4d, 0x2ac54, 0x2ac58, 0x2ac5c, 0x2ac70, 0x2ac71, 0x2ac74, 0x2ac77, 0x2ac78, 0x2ac7a,
0x2ac80, 0x2ac81, 0x2ac83, 0x2ac84, 0x2ac85, 0x2ac86, 0x2ac89, 0x2ac8a, 0x2ac8b, 0x2ac8c, 0x2ac90, 0x2ac94,
0x2ac9c, 0x2ac9d, 0x2ac9f, 0x2aca0, 0x2aca1, 0x2aca8, 0x2aca9, 0x2acaa, 0x2acac, 0x2acaf, 0x2acb0, 0x2acb8,
0x2acb9, 0x2acbb, 0x2acbc, 0x2acbd, 0x2acc1, 0x2acc4, 0x2acc8, 0x2accc, 0x2acd5, 0x2acd7, 0x2ace0, 0x2ace1,
0x2ace4, 0x2ace7, 0x2ace8, 0x2acea, 0x2acec, 0x2acef, 0x2acf0, 0x2acf1, 0x2acf3, 0x2acf5, 0x2acf6, 0x2acfc,
0x2acfd, 0x2ad00, 0x2ad04, 0x2ad06, 0x2ad0c, 0x2ad0d, 0x2ad0f, 0x2ad11, 0x2ad18, 0x2ad1c, 0x2ad20, 0x2ad29,
0x2ad2c, 0x2ad2d, 0x2ad34, 0x2ad35, 0x2ad38, 0x2ad3c, 0x2ad44, 0x2ad45, 0x2ad47, 0x2ad49, 0x2ad50, 0x2ad54,
0x2ad58, 0x2ad61, 0x2ad63, 0x2ad6c, 0x2ad6d, 0x2ad70, 0x2ad73, 0x2ad74, 0x2ad75, 0x2ad76, 0x2ad7b, 0x2ad7c,
0x2ad7d, 0x2ad7f, 0x2ad81, 0x2ad82, 0x2ad88, 0x2ad89, 0x2ad8c, 0x2ad90, 0x2ad9c, 0x2ad9d, 0x2ada4, 0x2adb7,
0x2adc0, 0x2adc1, 0x2adc4, 0x2adc8, 0x2add0, 0x2add1, 0x2add3, 0x2addc, 0x2ade0, 0x2ade4, 0x2adf8, 0x2adf9,
0x2adfc, 0x2adff, 0x2ae00, 0x2ae01, 0x2ae08, 0x2ae09, 0x2ae0b, 0x2ae0d, 0x2ae14, 0x2ae30, 0x2ae31, 0x2ae34,
0x2ae37, 0x2ae38, 0x2ae3a, 0x2ae40, 0x2ae41, 0x2ae43, 0x2ae45, 0x2ae46, 0x2ae4a, 0x2ae4c, 0x2ae4d, 0x2ae4e,
0x2ae50, 0x2ae54, 0x2ae56, 0x2ae5c, 0x2ae5d, 0x2ae5f, 0x2ae60, 0x2ae61, 0x2ae65, 0x2ae68, 0x2ae69, 0x2ae6c,
0x2ae70, 0x2ae78, 0x2ae79, 0x2ae7b, 0x2ae7c, 0x2ae7d, 0x2ae84, 0x2ae85, 0x2ae8c, 0x2aebc, 0x2aebd, 0x2aebe,
0x2aec0, 0x2aec4, 0x2aecc, 0x2aecd, 0x2aecf, 0x2aed0, 0x2aed1, 0x2aed8, 0x2aed9, 0x2aedc, 0x2aee8, 0x2aeeb,
0x2aeed, 0x2aef4, 0x2aef8, 0x2aefc, 0x2af07, 0x2af08, 0x2af0d, 0x2af10, 0x2af2c, 0x2af2d, 0x2af30, 0x2af32,
0x2af34, 0x2af3c, 0x2af3d, 0x2af3f, 0x2af41, 0x2af42, 0x2af43, 0x2af48, 0x2af49, 0x2af50, 0x2af5c, 0x2af5d,
0x2af64, 0x2af65, 0x2af79, 0x2af80, 0x2af84, 0x2af88, 0x2af90, 0x2af91, 0x2af95, 0x2af9c, 0x2afb8, 0x2afb9,
0x2afbc, 0x2afc0, 0x2afc7, 0x2afc8, 0x2afc9, 0x2afcb, 0x2afcd, 0x2afce, 0x2afd4, 0x2afdc, 0x2afe8, 0x2afe9,
0x2aff0, 0x2aff1, 0x2aff4, 0x2aff8, 0x2b000, 0x2b001, 0x2b004, 0x2b00c, 0x2b010, 0x2b014, 0x2b01c, 0x2b01d,
0x2b028, 0x2b044, 0x2b045, 0x2b048, 0x2b04a, 0x2b04c, 0x2b04e, 0x2b053, 0x2b054, 0x2b055, 0x2b057, 0x2b059,
0x2b05d, 0x2b07c, 0x2b07d, 0x2b080, 0x2b084, 0x2b08c, 0x2b08d, 0x2b08f, 0x2b091, 0x2b098, 0x2b099, 0x2b09a,
0x2b09c, 0x2b09f, 0x2b0a0, 0x2b0a1, 0x2b0a2, 0x2b0a8, 0x2b0a9, 0x2b0ab, 0x2b0ac, 0x2b0ad, 0x2b0ae, 0x2b0af,
0x2b0b1, 0x2b0b3, 0x2b0b4, 0x2b0b5, 0x2b0b8, 0x2b0bc, 0x2b0c4, 0x2b0c5, 0x2b0c7, 0x2b0c8, 0x2b0c9, 0x2b0d0,
0x2b0d1, 0x2b0d4, 0x2b0d8, 0x2b0e0, 0x2b0e5, 0x2b108, 0x2b109, 0x2b10b, 0x2b10c, 0x2b110, 0x2b112, 0x2b113,
0x2b118, 0x2b119, 0x2b11b, 0x2b11c, 0x2b11d, 0x2b123, 0x2b124, 0x2b125, 0x2b128, 0x2b12c, 0x2b134, 0x2b135,
0x2b137, 0x2b138, 0x2b139, 0x2b140, 0x2b141, 0x2b144, 0x2b148, 0x2b150, 0x2b151, 0x2b154, 0x2b155, 0x2b158,
0x2b15c, 0x2b160, 0x2b178, 0x2b179, 0x2b17c, 0x2b180, 0x2b182, 0x2b188, 0x2b189, 0x2b18b, 0x2b18d, 0x2b192,
0x2b193, 0x2b194, 0x2b198, 0x2b19c, 0x2b1a8, 0x2b1cc, 0x2b1d0, 0x2b1d4, 0x2b1dc, 0x2b1dd, 0x2b1df, 0x2b1e8,
0x2b1e9, 0x2b1ec, 0x2b1f0, 0x2b1f9, 0x2b1fb, 0x2b1fd, 0x2b204, 0x2b205, 0x2b208, 0x2b20b, 0x2b20c, 0x2b214,
0x2b215, 0x2b217, 0x2b219, 0x2b220, 0x2b234, 0x2b23c, 0x2b258, 0x2b25c, 0x2b260, 0x2b268, 0x2b269, 0x2b274,
0x2b275, 0x2b27c, 0x2b284, 0x2b285, 0x2b289, 0x2b290, 0x2b291, 0x2b294, 0x2b298, 0x2b299, 0x2b29a, 0x2b2a0,
0x2b2a1, 0x2b2a3, 0x2b2a5, 0x2b2a6, 0x2b2aa, 0x2b2ac, 0x2b2b0, 0x2b2b4, 0x2b2c8, 0x2b2c9, 0x2b2cc, 0x2b2d0,
0x2b2d2, 0x2b2d8, 0x2b2d9, 0x2b2db, 0x2b2dd, 0x2b2e2, 0x2b2e4, 0x2b2e5, 0x2b2e6, 0x2b2e8, 0x2b2eb, 0x2b2ec,
0x2b2ed, 0x2b2ee, 0x2b2ef, 0x2b2f3, 0x2b2f4, 0x2b2f5, 0x2b2f7, 0x2b2f8, 0x2b2f9, 0x2b2fa, 0x2b2fb, 0x2b2ff,
0x2b300, 0x2b301, 0x2b304, 0x2b308, 0x2b310, 0x2b311, 0x2b313, 0x2b314, 0x2b315, 0x2b31c, 0x2b354, 0x2b355,
0x2b356, 0x2b358, 0x2b35b, 0x2b35c, 0x2b35e, 0x2b35f, 0x2b364, 0x2b365, 0x2b367, 0x2b369, 0x2b36b, 0x2b36e,
0x2b370, 0x2b371, 0x2b374, 0x2b378, 0x2b380, 0x2b381, 0x2b383, 0x2b384, 0x2b385, 0x2b38c, 0x2b390, 0x2b394,
0x2b3a0, 0x2b3a1, 0x2b3a8, 0x2b3ac, 0x2b3c4, 0x2b3c5, 0x2b3c8, 0x2b3cb, 0x2b3cc, 0x2b3ce, 0x2b3d0, 0x2b3d4,
0x2b3d5, 0x2b3d7, 0x2b3d9, 0x2b3db, 0x2b3dd, 0x2b3e0, 0x2b3e4, 0x2b3e8, 0x2b3fc, 0x2b410, 0x2b418, 0x2b41c,
0x2b420, 0x2b428, 0x2b429, 0x2b42b, 0x2b434, 0x2b450, 0x2b451, 0x2b454, 0x2b458, 0x2b460, 0x2b461, 0x2b463,
0x2b465, 0x2b46c, 0x2b480, 0x2b488, 0x2b49d, 0x2b4a4, 0x2b4a8, 0x2b4ac, 0x2b4b5, 0x2b4b7, 0x2b4b9, 0x2b4c0,
0x2b4c4, 0x2b4c8, 0x2b4d0, 0x2b4d5, 0x2b4dc, 0x2b4dd, 0x2b4e0, 0x2b4e3, 0x2b4e4, 0x2b4e6, 0x2b4ec, 0x2b4ed,
0x2b4ef, 0x2b4f1, 0x2b4f8, 0x2b514, 0x2b515, 0x2b518, 0x2b51b, 0x2b51c, 0x2b524, 0x2b525, 0x2b527, 0x2b528,
0x2b529, 0x2b52a, 0x2b530, 0x2b531, 0x2b534, 0x2b538, 0x2b540, 0x2b541, 0x2b543, 0x2b544, 0x2b545, 0x2b54b,
0x2b54c, 0x2b54d, 0x2b550, 0x2b554, 0x2b55c, 0x2b55d, 0x2b55f, 0x2b560, 0x2b561, 0x2b5a0, 0x2b5a1, 0x2b5a4,
0x2b5a8, 0x2b5aa, 0x2b5ab, 0x2b5b0, 0x2b5b1, 0x2b5b3, 0x2b5b4, 0x2b5b5, 0x2b5bb, 0x2b5bc, 0x2b5bd, 0x2b5c0,
0x2b5c4, 0x2b5cc, 0x2b5cd, 0x2b5cf, 0x2b5d0, 0x2b5d1, 0x2b5d8, 0x2b5ec, 0x2b610, 0x2b611, 0x2b614, 0x2b618,
0x2b625, 0x2b62c, 0x2b634, 0x2b648, 0x2b664, 0x2b668, 0x2b69c, 0x2b69d, 0x2b6a0, 0x2b6a4, 0x2b6ab, 0x2b6ac,
0x2b6b1, 0x2b6d4, 0x2b6f0, 0x2b6f4, 0x2b6f8, 0x2b700, 0x2b701, 0x2b705, 0x2b728, 0x2b729, 0x2b72c, 0x2b72f,
0x2b730, 0x2b738, 0x2b739, 0x2b73b, 0x2b744, 0x2b748, 0x2b74c, 0x2b754, 0x2b755, 0x2b760, 0x2b764, 0x2b768,
0x2b770, 0x2b771, 0x2b773, 0x2b775, 0x2b77c, 0x2b77d, 0x2b780, 0x2b784, 0x2b78c, 0x2b78d, 0x2b78f, 0x2b790,
0x2b791, 0x2b792, 0x2b796, 0x2b797, 0x2b798, 0x2b799, 0x2b79c, 0x2b7a0, 0x2b7a8, 0x2b7a9, 0x2b7ab, 0x2b7ac,
0x2b7ad, 0x2b7b4, 0x2b7b5, 0x2b7b8, 0x2b7c7, 0x2b7c9, 0x2b7ec, 0x2b7ed, 0x2b7f0, 0x2b7f4, 0x2b7fc, 0x2b7fd,
0x2b7ff, 0x2b800, 0x2b801, 0x2b807, 0x2b808, 0x2b809, 0x2b80c, 0x2b810, 0x2b818, 0x2b819, 0x2b81b, 0x2b81d,
0x2b824, 0x2b825, 0x2b828, 0x2b82c, 0x2b834, 0x2b835, 0x2b837, 0x2b838, 0x2b839, 0x2b840, 0x2b844, 0x2b851,
0x2b853, 0x2b85c, 0x2b85d, 0x2b860, 0x2b864, 0x2b86c, 0x2b86d, 0x2b86f, 0x2b871, 0x2b878, 0x2b87c, 0x2b88d,
0x2b8a8, 0x2b8b0, 0x2b8b4, 0x2b8b8, 0x2b8c0, 0x2b8c1, 0x2b8c3, 0x2b8c5, 0x2b8cc, 0x2b8d0, 0x2b8d4, 0x2b8dd,
0x2b8df, 0x2b8e1, 0x2b8e8, 0x2b8e9, 0x2b8ec, 0x2b8f0, 0x2b8f8, 0x2b8f9, 0x2b8fb, 0x2b8fd, 0x2b904, 0x2b918,
0x2b920, 0x2b93c, 0x2b93d, 0x2b940, 0x2b944, 0x2b94c, 0x2b94f, 0x2b951, 0x2b958, 0x2b959, 0x2b95c, 0x2b960,
0x2b968, 0x2b969, 0x2b96b, 0x2b96d, 0x2b974, 0x2b975, 0x2b978, 0x2b97c, 0x2b984, 0x2b985, 0x2b987, 0x2b989,
0x2b98a, 0x2b98d, 0x2b98e, 0x2b9ac, 0x2b9ad, 0x2b9b0, 0x2b9b4, 0x2b9bc, 0x2b9bd, 0x2b9bf, 0x2b9c1, 0x2b9c8,
0x2b9c9, 0x2b9cc, 0x2b9ce, 0x2b9cf, 0x2b9d0, 0x2b9d1, 0x2b9d2, 0x2b9d8, 0x2b9d9, 0x2b9db, 0x2b9dd, 0x2b9de,
0x2b9e1, 0x2b9e3, 0x2b9e4, 0x2b9e5, 0x2b9e8, 0x2b9ec, 0x2b9f4, 0x2b9f5, 0x2b9f7, 0x2b9f8, 0x2b9f9, 0x2b9fa,
0x2ba00, 0x2ba01, 0x2ba08, 0x2ba15, 0x2ba38, 0x2ba39, 0x2ba3c, 0x2ba40, 0x2ba42, 0x2ba48, 0x2ba49, 0x2ba4b,
0x2ba4d, 0x2ba4e, 0x2ba53, 0x2ba54, 0x2ba55, 0x2ba58, 0x2ba5c, 0x2ba64, 0x2ba65, 0x2ba67, 0x2ba68, 0x2ba69,
0x2ba70, 0x2ba71, 0x2ba74, 0x2ba78, 0x2ba83, 0x2ba84, 0x2ba85, 0x2ba87, 0x2ba8c, 0x2baa8, 0x2baa9, 0x2baab,
0x2baac, 0x2bab0, 0x2bab2, 0x2bab8, 0x2bab9, 0x2babb, 0x2babd, 0x2bac4, 0x2bac8, 0x2bad8, 0x2bad9, 0x2bafc,
0x2bb00, 0x2bb04, 0x2bb0d, 0x2bb0f, 0x2bb11, 0x2bb18, 0x2bb1c, 0x2bb20, 0x2bb29, 0x2bb2b, 0x2bb34, 0x2bb35,
0x2bb36, 0x2bb38, 0x2bb3b, 0x2bb3c, 0x2bb3d, 0x2bb3e, 0x2bb44, 0x2bb45, 0x2bb47, 0x2bb49, 0x2bb4d, 0x2bb4f,
0x2bb50, 0x2bb54, 0x2bb58, 0x2bb61, 0x2bb63, 0x2bb6c, 0x2bb88, 0x2bb8c, 0x2bb90, 0x2bba4, 0x2bba8, 0x2bbac,
0x2bbb4, 0x2bbb7, 0x2bbc0, 0x2bbc4, 0x2bbc8, 0x2bbd0, 0x2bbd3, 0x2bbf8, 0x2bbf9, 0x2bbfc, 0x2bbff, 0x2bc00,
0x2bc02, 0x2bc08, 0x2bc09, 0x2bc0b, 0x2bc0c, 0x2bc0d, 0x2bc0f, 0x2bc11, 0x2bc14, 0x2bc15, 0x2bc16, 0x2bc17,
0x2bc18, 0x2bc1b, 0x2bc1c, 0x2bc1d, 0x2bc1e, 0x2bc1f, 0x2bc24, 0x2bc25, 0x2bc27, 0x2bc29, 0x2bc2d, 0x2bc30,
0x2bc31, 0x2bc34, 0x2bc38, 0x2bc40, 0x2bc41, 0x2bc43, 0x2bc44, 0x2bc45, 0x2bc49, 0x2bc4c, 0x2bc4d, 0x2bc50,
0x2bc5d, 0x2bc84, 0x2bc85, 0x2bc88, 0x2bc8b, 0x2bc8c, 0x2bc8e, 0x2bc94, 0x2bc95, 0x2bc97, 0x2bc99, 0x2bc9a,
0x2bca0, 0x2bca1, 0x2bca4, 0x2bca7, 0x2bca8, 0x2bcb0, 0x2bcb1, 0x2bcb3, 0x2bcb4, 0x2bcb5, 0x2bcbc, 0x2bcbd,
0x2bcc0, 0x2bcc4, 0x2bccd, 0x2bccf, 0x2bcd0, 0x2bcd1, 0x2bcd5, 0x2bcd8, 0x2bcdc, 0x2bcf4, 0x2bcf5, 0x2bcf6,
0x2bcf8, 0x2bcfc, 0x2bd04, 0x2bd05, 0x2bd07, 0x2bd09, 0x2bd10, 0x2bd14, 0x2bd24, 0x2bd2c, 0x2bd40, 0x2bd48,
0x2bd49, 0x2bd4c, 0x2bd50, 0x2bd58, 0x2bd59, 0x2bd64, 0x2bd68, 0x2bd80, 0x2bd81, 0x2bd84, 0x2bd87, 0x2bd88,
0x2bd89, 0x2bd8a, 0x2bd90, 0x2bd91, 0x2bd93, 0x2bd95, 0x2bd99, 0x2bd9a, 0x2bd9c, 0x2bda4, 0x2bdb0, 0x2bdb8,
0x2bdd4, 0x2bdd5, 0x2bdd8, 0x2bddc, 0x2bde9, 0x2bdf0, 0x2bdf4, 0x2bdf8, 0x2be00, 0x2be03, 0x2be05, 0x2be0c,
0x2be0d, 0x2be10, 0x2be14, 0x2be1c, 0x2be1d, 0x2be1f, 0x2be44, 0x2be45, 0x2be48, 0x2be4c, 0x2be4e, 0x2be54,
0x2be55, 0x2be57, 0x2be59, 0x2be5a, 0x2be5b, 0x2be60, 0x2be61, 0x2be64, 0x2be68, 0x2be6a, 0x2be70, 0x2be71,
0x2be73, 0x2be74, 0x2be75, 0x2be7b, 0x2be7c, 0x2be7d, 0x2be80, 0x2be84, 0x2be8c, 0x2be8d, 0x2be8f, 0x2be90,
0x2be91, 0x2be98, 0x2be99, 0x2bea8, 0x2bed0, 0x2bed1, 0x2bed4, 0x2bed7, 0x2bed8, 0x2bee0, 0x2bee3, 0x2bee4,
0x2bee5, 0x2beec, 0x2bf01, 0x2bf08, 0x2bf09, 0x2bf18, 0x2bf19, 0x2bf1b, 0x2bf1c, 0x2bf1d, 0x2bf40, 0x2bf41,
0x2bf44, 0x2bf48, 0x2bf50, 0x2bf51, 0x2bf55, 0x2bf94, 0x2bfb0, 0x2bfc5, 0x2bfcc, 0x2bfcd, 0x2bfd0, 0x2bfd4,
0x2bfdc, 0x2bfdf, 0x2bfe1, 0x2c03c, 0x2c051, 0x2c058, 0x2c05c, 0x2c060, 0x2c068, 0x2c069, 0x2c090, 0x2c091,
0x2c094, 0x2c098, 0x2c0a0, 0x2c0a1, 0x2c0a3, 0x2c0a5, 0x2c0ac, 0x2c0ad, 0x2c0af, 0x2c0b0, 0x2c0b3, 0x2c0b4,
0x2c0b5, 0x2c0b6, 0x2c0bc, 0x2c0bd, 0x2c0bf, 0x2c0c0, 0x2c0c1, 0x2c0c5, 0x2c0c8, 0x2c0c9, 0x2c0cc, 0x2c0d0,
0x2c0d8, 0x2c0d9, 0x2c0db, 0x2c0dc, 0x2c0dd, 0x2c0e4, 0x2c0e5, 0x2c0e8, 0x2c0ec, 0x2c0f4, 0x2c0f5, 0x2c0f7,
0x2c0f9, 0x2c100, 0x2c104, 0x2c108, 0x2c110, 0x2c115, 0x2c11c, 0x2c11d, 0x2c11e, 0x2c11f, 0x2c120, 0x2c123,
0x2c124, 0x2c126, 0x2c127, 0x2c12c, 0x2c12d, 0x2c12f, 0x2c130, 0x2c131, 0x2c136, 0x2c138, 0x2c139, 0x2c13c,
0x2c140, 0x2c148, 0x2c149, 0x2c14b, 0x2c14c, 0x2c14d, 0x2c154, 0x2c155, 0x2c158, 0x2c15c, 0x2c164, 0x2c165,
0x2c167, 0x2c168, 0x2c169, 0x2c170, 0x2c174, 0x2c178, 0x2c185, 0x2c18c, 0x2c18d, 0x2c18e, 0x2c190, 0x2c194,
0x2c196, 0x2c19c, 0x2c19d, 0x2c19f, 0x2c1a1, 0x2c1a5, 0x2c1a8, 0x2c1a9, 0x2c1ac, 0x2c1b0, 0x2c1bd, 0x2c1c4,
0x2c1c8, 0x2c1cc, 0x2c1d4, 0x2c1d7, 0x2c1d8, 0x2c1e0, 0x2c1e4, 0x2c1e8, 0x2c1f0, 0x2c1f1, 0x2c1f3, 0x2c1fc,
0x2c1fd, 0x2c200, 0x2c204, 0x2c20c, 0x2c20d, 0x2c20f, 0x2c211, 0x2c218, 0x2c219, 0x2c21c, 0x2c21f, 0x2c220,
0x2c228, 0x2c229, 0x2c22b, 0x2c22d, 0x2c22f, 0x2c231, 0x2c232, 0x2c234, 0x2c248, 0x2c250, 0x2c251, 0x2c254,
0x2c258, 0x2c260, 0x2c265, 0x2c26c, 0x2c26d, 0x2c270, 0x2c274, 0x2c27c, 0x2c27d, 0x2c27f, 0x2c281, 0x2c288,
0x2c289, 0x2c290, 0x2c298, 0x2c29b, 0x2c29d, 0x2c2a4, 0x2c2a5, 0x2c2a8, 0x2c2ac, 0x2c2ad, 0x2c2b4, 0x2c2b5,
0x2c2b7, 0x2c2b9, 0x2c2dc, 0x2c2dd, 0x2c2e0, 0x2c2e3, 0x2c2e4, 0x2c2eb, 0x2c2ec, 0x2c2ed, 0x2c2ef, 0x2c2f1,
0x2c2f6, 0x2c2f8, 0x2c2f9, 0x2c2fb, 0x2c2fc, 0x2c300, 0x2c308, 0x2c309, 0x2c30c, 0x2c30d, 0x2c313, 0x2c314,
0x2c315, 0x2c318, 0x2c31c, 0x2c324, 0x2c325, 0x2c328, 0x2c329, 0x2c345, 0x2c368, 0x2c369, 0x2c36c, 0x2c370,
0x2c372, 0x2c378, 0x2c379, 0x2c37c, 0x2c37d, 0x2c384, 0x2c388, 0x2c38c, 0x2c3c0, 0x2c3d8, 0x2c3d9, 0x2c3dc,
0x2c3df, 0x2c3e0, 0x2c3e2, 0x2c3e8, 0x2c3e9, 0x2c3ed, 0x2c3f4, 0x2c3f5, 0x2c3f8, 0x2c408, 0x2c410, 0x2c424,
0x2c42c, 0x2c430, 0x2c434, 0x2c43c, 0x2c43d, 0x2c448, 0x2c464, 0x2c465, 0x2c468, 0x2c46c, 0x2c474, 0x2c475,
0x2c479, 0x2c480, 0x2c494, 0x2c49c, 0x2c4b8, 0x2c4bc, 0x2c4e9, 0x2c4f0, 0x2c4f1, 0x2c4f4, 0x2c4f8, 0x2c4fa,
0x2c4ff, 0x2c500, 0x2c501, 0x2c50c, 0x2c510, 0x2c514, 0x2c51c, 0x2c528, 0x2c529, 0x2c52c, 0x2c530, 0x2c538,
0x2c539, 0x2c53b, 0x2c53d, 0x2c544, 0x2c545, 0x2c548, 0x2c549, 0x2c54a, 0x2c54c, 0x2c54d, 0x2c54e, 0x2c553,
0x2c554, 0x2c555, 0x2c557, 0x2c558, 0x2c559, 0x2c55d, 0x2c55e, 0x2c560, 0x2c561, 0x2c564, 0x2c568, 0x2c570,
0x2c571, 0x2c573, 0x2c574, 0x2c575, 0x2c57c, 0x2c57d, 0x2c580, 0x2c584, 0x2c587, 0x2c58c, 0x2c58d, 0x2c58f,
0x2c591, 0x2c595, 0x2c597, 0x2c598, 0x2c59c, 0x2c5a0, 0x2c5a9, 0x2c5b4, 0x2c5b5, 0x2c5b8, 0x2c5b9, 0x2c5bb,
0x2c5bc, 0x2c5bd, 0x2c5be, 0x2c5c4, 0x2c5c5, 0x2c5c6, 0x2c5c7, 0x2c5c8, 0x2c5c9, 0x2c5ca, 0x2c5cc, 0x2c5ce,
0x2c5d0, 0x2c5d1, 0x2c5d4, 0x2c5d8, 0x2c5e0, 0x2c5e1, 0x2c5e3, 0x2c5e5, 0x2c5ec, 0x2c5ed, 0x2c5ee, 0x2c5f0,
0x2c5f4, 0x2c5f6, 0x2c5f7, 0x2c5fc, 0x2c5fd, 0x2c5fe, 0x2c5ff, 0x2c600, 0x2c601, 0x2c605, 0x2c606, 0x2c607,
0x2c608, 0x2c60c, 0x2c610, 0x2c618, 0x2c619, 0x2c61b, 0x2c61c, 0x2c624, 0x2c625, 0x2c628, 0x2c62c, 0x2c62d,
0x2c62e, 0x2c630, 0x2c633, 0x2c634, 0x2c635, 0x2c637, 0x2c639, 0x2c63b, 0x2c640, 0x2c641, 0x2c644, 0x2c648,
0x2c650, 0x2c651, 0x2c653, 0x2c654, 0x2c655, 0x2c65c, 0x2c65d, 0x2c660, 0x2c66c, 0x2c66f, 0x2c671, 0x2c678,
0x2c679, 0x2c67c, 0x2c680, 0x2c688, 0x2c689, 0x2c68b, 0x2c68d, 0x2c694, 0x2c695, 0x2c698, 0x2c69c, 0x2c6a4,
0x2c6a5, 0x2c6a7, 0x2c6a9, 0x2c6b0, 0x2c6b1, 0x2c6b4, 0x2c6b8, 0x2c6b9, 0x2c6ba, 0x2c6c0, 0x2c6c1, 0x2c6c3,
0x2c6c5, 0x2c6cc, 0x2c6cd, 0x2c6d0, 0x2c6d4, 0x2c6dc, 0x2c6dd, 0x2c6e0, 0x2c6e1, 0x2c6e8, 0x2c6e9, 0x2c6ec,
0x2c6f0, 0x2c6f8, 0x2c6f9, 0x2c6fd, 0x2c704, 0x2c705, 0x2c708, 0x2c70c, 0x2c714, 0x2c715, 0x2c717, 0x2c719,
0x2c720, 0x2c721, 0x2c724, 0x2c728, 0x2c730, 0x2c731, 0x2c733, 0x2c735, 0x2c737, 0x2c73c, 0x2c73d, 0x2c740,
0x2c744, 0x2c74a, 0x2c74c, 0x2c74d, 0x2c74f, 0x2c751, 0x2c752, 0x2c753, 0x2c754, 0x2c755, 0x2c756, 0x2c757,
0x2c758, 0x2c75c, 0x2c760, 0x2c768, 0x2c76b, 0x2c774, 0x2c775, 0x2c778, 0x2c77c, 0x2c77d, 0x2c77e, 0x2c783,
0x2c784, 0x2c785, 0x2c787, 0x2c788, 0x2c789, 0x2c78a, 0x2c78e, 0x2c790, 0x2c791, 0x2c794, 0x2c796, 0x2c797,
0x2c798, 0x2c79a, 0x2c7a0, 0x2c7a1, 0x2c7a3, 0x2c7a4, 0x2c7a5, 0x2c7a6, 0x2c7ac, 0x2c7ad, 0x2c7b0, 0x2c7b4,
0x2c7bc, 0x2c7bd, 0x2c7bf, 0x2c7c0, 0x2c7c1, 0x2c7c8, 0x2c7c9, 0x2c7cc, 0x2c7ce, 0x2c7d0, 0x2c7d8, 0x2c7dd,
0x2c7e4, 0x2c7e8, 0x2c7ec, 0x2c800, 0x2c801, 0x2c804, 0x2c808, 0x2c80a, 0x2c810, 0x2c811, 0x2c813, 0x2c815,
0x2c816, 0x2c81c, 0x2c81d, 0x2c820, 0x2c824, 0x2c82c, 0x2c82d, 0x2c82f, 0x2c831, 0x2c838, 0x2c83c, 0x2c840,
0x2c848, 0x2c849, 0x2c84c, 0x2c84d, 0x2c854, 0x2c870, 0x2c871, 0x2c874, 0x2c878, 0x2c87a, 0x2c880, 0x2c881,
0x2c883, 0x2c885, 0x2c886, 0x2c887, 0x2c88b, 0x2c88c, 0x2c88d, 0x2c894, 0x2c89d, 0x2c89f, 0x2c8a1, 0x2c8a8,
0x2c8bc, 0x2c8bd, 0x2c8c4, 0x2c8c8, 0x2c8cc, 0x2c8d4, 0x2c8d5, 0x2c8d7, 0x2c8d9, 0x2c8e0, 0x2c8e1, 0x2c8e4,
0x2c8f5, 0x2c8fc, 0x2c8fd, 0x2c900, 0x2c904, 0x2c905, 0x2c906, 0x2c90c, 0x2c90d, 0x2c90f, 0x2c911, 0x2c918,
0x2c92c, 0x2c934, 0x2c950, 0x2c951, 0x2c954, 0x2c958, 0x2c960, 0x2c961, 0x2c963, 0x2c96c, 0x2c970, 0x2c974,
0x2c97c, 0x2c988, 0x2c989, 0x2c98c, 0x2c990, 0x2c998, 0x2c999, 0x2c99b, 0x2c99d, 0x2c9c0, 0x2c9c1, 0x2c9c4,
0x2c9c7, 0x2c9c8, 0x2c9ca, 0x2c9d0, 0x2c9d1, 0x2c9d3, 0x2c9d5, 0x2c9d6, 0x2c9d9, 0x2c9da, 0x2c9dc, 0x2c9dd,
0x2c9e0, 0x2c9e2, 0x2c9e4, 0x2c9e7, 0x2c9ec, 0x2c9ed, 0x2c9ef, 0x2c9f0, 0x2c9f1, 0x2c9f8, 0x2c9f9, 0x2c9fc,
0x2ca00, 0x2ca08, 0x2ca09, 0x2ca0b, 0x2ca0c, 0x2ca0d, 0x2ca14, 0x2ca18, 0x2ca29, 0x2ca4c, 0x2ca4d, 0x2ca50,
0x2ca54, 0x2ca5c, 0x2ca5d, 0x2ca5f, 0x2ca60, 0x2ca61, 0x2ca68, 0x2ca7d, 0x2ca84, 0x2ca98, 0x2cabc, 0x2cabd,
0x2cac0, 0x2cac4, 0x2cacc, 0x2cacd, 0x2cacf, 0x2cad1, 0x2cad3, 0x2cad8, 0x2cad9, 0x2cae0, 0x2caec, 0x2caf4,
0x2cb08, 0x2cb10, 0x2cb14, 0x2cb18, 0x2cb20, 0x2cb21, 0x2cb41, 0x2cb48, 0x2cb49, 0x2cb4c, 0x2cb50, 0x2cb58,
0x2cb59, 0x2cb5d, 0x2cb64, 0x2cb78, 0x2cb79, 0x2cb9c, 0x2cbb8, 0x2cbd4, 0x2cbe4, 0x2cbe7, 0x2cbe9, 0x2cc0c,
0x2cc0d, 0x2cc10, 0x2cc14, 0x2cc1c, 0x2cc1d, 0x2cc21, 0x2cc22, 0x2cc27, 0x2cc28, 0x2cc29, 0x2cc2c, 0x2cc2e,
0x2cc30, 0x2cc38, 0x2cc39, 0x2cc3b, 0x2cc3c, 0x2cc3d, 0x2cc3e, 0x2cc44, 0x2cc45, 0x2cc48, 0x2cc4c, 0x2cc54,
0x2cc55, 0x2cc57, 0x2cc58, 0x2cc59, 0x2cc60, 0x2cc64, 0x2cc66, 0x2cc68, 0x2cc70, 0x2cc75, 0x2cc98, 0x2cc99,
0x2cc9c, 0x2cca0, 0x2cca8, 0x2cca9, 0x2ccab, 0x2ccac, 0x2ccad, 0x2ccb4, 0x2ccb5, 0x2ccb8, 0x2ccbc, 0x2ccc4,
0x2ccc5, 0x2ccc7, 0x2ccc9, 0x2ccd0, 0x2ccd4, 0x2cce4, 0x2ccec, 0x2ccf0, 0x2cd01, 0x2cd08, 0x2cd09, 0x2cd0c,
0x2cd10, 0x2cd18, 0x2cd19, 0x2cd1b, 0x2cd1d, 0x2cd24, 0x2cd28, 0x2cd2c, 0x2cd39, 0x2cd5c, 0x2cd60, 0x2cd64,
0x2cd6c, 0x2cd6d, 0x2cd6f, 0x2cd71, 0x2cd78, 0x2cd88, 0x2cd94, 0x2cd95, 0x2cd98, 0x2cd9c, 0x2cda4, 0x2cda5,
0x2cda7, 0x2cda9, 0x2cdb0, 0x2cdc4, 0x2cdcc, 0x2cdd0, 0x2cde8, 0x2cdec, 0x2cdf0, 0x2cdf8, 0x2cdf9, 0x2cdfb,
0x2cdfd, 0x2ce04, 0x2ce08, 0x2ce0c, 0x2ce14, 0x2ce19, 0x2ce20, 0x2ce21, 0x2ce24, 0x2ce28, 0x2ce30, 0x2ce31,
0x2ce33, 0x2ce35, 0x2ce58, 0x2ce59, 0x2ce5c, 0x2ce5f, 0x2ce60, 0x2ce61, 0x2ce68, 0x2ce69, 0x2ce6b, 0x2ce6d,
0x2ce74, 0x2ce75, 0x2ce78, 0x2ce7c, 0x2ce84, 0x2ce85, 0x2ce87, 0x2ce89, 0x2ce90, 0x2ce91, 0x2ce94, 0x2ce98,
0x2cea0, 0x2cea1, 0x2cea3, 0x2cea4, 0x2cea5, 0x2ceac, 0x2cead, 0x2cec1, 0x2cee4, 0x2cee5, 0x2cee8, 0x2ceeb,
0x2ceec, 0x2cef4, 0x2cef5, 0x2cef7, 0x2cef8, 0x2cef9, 0x2cf00, 0x2cf01, 0x2cf04, 0x2cf08, 0x2cf10, 0x2cf11,
0x2cf13, 0x2cf15, 0x2cf1c, 0x2cf20, 0x2cf24, 0x2cf2c, 0x2cf2d, 0x2cf2f, 0x2cf30, 0x2cf31, 0x2cf38, 0x2cf54,
0x2cf55, 0x2cf58, 0x2cf5c, 0x2cf64, 0x2cf65, 0x2cf67, 0x2cf69, 0x2cf70, 0x2cf71, 0x2cf74, 0x2cf78, 0x2cf80,
0x2cf85, 0x2cf8c, 0x2cfa1, 0x2cfa8, 0x2cfb0, 0x2cfc4, 0x2cfe0, 0x2cfe1, 0x2cfe4, 0x2cfe8, 0x2cff0, 0x2cff1,
0x2cff3, 0x2cff5, 0x2cffc, 0x2d000, 0x2d004, 0x2d011, 0x2d018, 0x2d02d, 0x2d034, 0x2d035, 0x2d038, 0x2d03c,
0x2d044, 0x2d045, 0x2d047, 0x2d049, 0x2d050, 0x2d054, 0x2d058, 0x2d060, 0x2d06c, 0x2d06d, 0x2d070, 0x2d074,
0x2d07c, 0x2d07d, 0x2d081, 0x2d0a4, 0x2d0a5, 0x2d0a8, 0x2d0ac, 0x2d0b4, 0x2d0b5, 0x2d0b7, 0x2d0b9, 0x2d0c0,
0x2d0c1, 0x2d0c4, 0x2d0c8, 0x2d0c9, 0x2d0d0, 0x2d0d1, 0x2d0d3, 0x2d0d4, 0x2d0d5, 0x2d0dc, 0x2d0dd, 0x2d0e0,
0x2d0e4, 0x2d0ec, 0x2d0ed, 0x2d0ef, 0x2d0f0, 0x2d0f1, 0x2d0f8, 0x2d10d, 0x2d130, 0x2d131, 0x2d134, 0x2d138,
0x2d13a, 0x2d140, 0x2d141, 0x2d143, 0x2d144, 0x2d145, 0x2d14c, 0x2d14d, 0x2d150, 0x2d154, 0x2d15c, 0x2d15d,
0x2d15f, 0x2d161, 0x2d168, 0x2d16c, 0x2d17c, 0x2d184, 0x2d188, 0x2d1a0, 0x2d1a1, 0x2d1a4, 0x2d1a8, 0x2d1b0,
0x2d1b1, 0x2d1b3, 0x2d1b5, 0x2d1ba, 0x2d1bc, 0x2d1c0, 0x2d1d8, 0x2d1f4, 0x2d1f8, 0x2d207, 0x2d209, 0x2d210,
0x2d22c, 0x2d22d, 0x2d230, 0x2d234, 0x2d23c, 0x2d23d, 0x2d23f, 0x2d241, 0x2d248, 0x2d25c, 0x2d264, 0x2d280,
0x2d281, 0x2d284, 0x2d288, 0x2d290, 0x2d291, 0x2d295, 0x2d29c, 0x2d2a0, 0x2d2a4, 0x2d2ac, 0x2d2b1, 0x2d2b8,
0x2d2b9, 0x2d2bc, 0x2d2bf, 0x2d2c0, 0x2d2c2, 0x2d2c8, 0x2d2c9, 0x2d2cb, 0x2d2d4, 0x2d2d8, 0x2d2dc, 0x2d2e4,
0x2d2e5, 0x2d2f0, 0x2d2f1, 0x2d2f4, 0x2d2f8, 0x2d300, 0x2d301, 0x2d303, 0x2d305, 0x2d30c, 0x2d30d, 0x2d30e,
0x2d310, 0x2d314, 0x2d316, 0x2d31c, 0x2d31d, 0x2d31f, 0x2d320, 0x2d321, 0x2d325, 0x2d328, 0x2d329, 0x2d32c,
0x2d330, 0x2d338, 0x2d339, 0x2d33b, 0x2d33c, 0x2d33d, 0x2d344, 0x2d345, 0x2d37c, 0x2d37d, 0x2d380, 0x2d384,
0x2d38c, 0x2d38d, 0x2d38f, 0x2d390, 0x2d391, 0x2d398, 0x2d399, 0x2d39c, 0x2d3a0, 0x2d3a8, 0x2d3a9, 0x2d3ab,
0x2d3ad, 0x2d3b4, 0x2d3b8, 0x2d3bc, 0x2d3c4, 0x2d3c5, 0x2d3c8, 0x2d3c9, 0x2d3d0, 0x2d3d8, 0x2d3e1, 0x2d3e3,
0x2d3ec, 0x2d3ed, 0x2d3f0, 0x2d3f4, 0x2d3fc, 0x2d3fd, 0x2d3ff, 0x2d401, 0x2d408, 0x2d41d, 0x2d440, 0x2d444,
0x2d45c, 0x2d460, 0x2d464, 0x2d46d, 0x2d46f, 0x2d478, 0x2d479, 0x2d47c, 0x2d47f, 0x2d480, 0x2d482, 0x2d488,
0x2d489, 0x2d48b, 0x2d48d, 0x2d494, 0x2d4a9, 0x2d4cc, 0x2d4d0, 0x2d4d4, 0x2d4dc, 0x2d4df, 0x2d4e8, 0x2d4ec,
0x2d4f0, 0x2d4f8, 0x2d4fb, 0x2d4fd, 0x2d504, 0x2d508, 0x2d50c, 0x2d514, 0x2d515, 0x2d517, 0x2d53c, 0x2d53d,
0x2d540, 0x2d544, 0x2d54c, 0x2d54d, 0x2d54f, 0x2d551, 0x2d558, 0x2d559, 0x2d55c, 0x2d560, 0x2d565, 0x2d568,
0x2d569, 0x2d56b, 0x2d56d, 0x2d574, 0x2d575, 0x2d578, 0x2d57c, 0x2d584, 0x2d585, 0x2d587, 0x2d588, 0x2d589,
0x2d590, 0x2d5a5, 0x2d5c8, 0x2d5c9, 0x2d5cc, 0x2d5d0, 0x2d5d2, 0x2d5d8, 0x2d5d9, 0x2d5db, 0x2d5dd, 0x2d5e4,
0x2d5e5, 0x2d5e8, 0x2d5ec, 0x2d5f4, 0x2d5f5, 0x2d5f7, 0x2d5f9, 0x2d600, 0x2d601, 0x2d604, 0x2d608, 0x2d610,
0x2d611, 0x2d613, 0x2d614, 0x2d615, 0x2d61c, 0x2d620, 0x2d624, 0x2d62d, 0x2d638, 0x2d639, 0x2d63c, 0x2d640,
0x2d645, 0x2d648, 0x2d649, 0x2d64b, 0x2d64d, 0x2d651, 0x2d654, 0x2d655, 0x2d658, 0x2d65c, 0x2d667, 0x2d669,
0x2d670, 0x2d671, 0x2d674, 0x2d683, 0x2d685, 0x2d68c, 0x2d68d, 0x2d690, 0x2d694, 0x2d69d, 0x2d69f, 0x2d6a1,
0x2d6a8, 0x2d6ac, 0x2d6b0, 0x2d6b9, 0x2d6bb, 0x2d6c4, 0x2d6c5, 0x2d6c8, 0x2d6cc, 0x2d6d1, 0x2d6d4, 0x2d6d7,
0x2d6d9, 0x2d6e0, 0x2d6e4, 0x2d6e8, 0x2d6f0, 0x2d6f5, 0x2d6fc, 0x2d6fd, 0x2d700, 0x2d704, 0x2d711, 0x2d718,
0x2d719, 0x2d71c, 0x2d720, 0x2d728, 0x2d729, 0x2d72b, 0x2d72d, 0x2d734, 0x2d735, 0x2d738, 0x2d73c, 0x2d744,
0x2d747, 0x2d749, 0x2d750, 0x2d751, 0x2d754, 0x2d756, 0x2d757, 0x2d758, 0x2d759, 0x2d760, 0x2d761, 0x2d763,
0x2d765, 0x2d769, 0x2d76c, 0x2d770, 0x2d774, 0x2d77c, 0x2d77d, 0x2d781, 0x2d788, 0x2d789, 0x2d78c, 0x2d790,
0x2d798, 0x2d799, 0x2d79b, 0x2d79d, 0x4fffd, 0x4fffd, 0x4fffd, 0x4fffd, 0x4fffd, 0x4fffd, 0x4fffd, 0x4fffd,
0x4fffd, 0x4fffd, 0x4fffd, 0x4fffd, 0x4fffd, 0x4fffd, 0x4fffd, 0x4fffd, 0x4fffd, 0x4fffd, 0x4fffd, 0x4fffd,
0x4fffd, 0x4fffd, 0x4fffd, 0x4fffd, 0x4fffd, 0x4fffd, 0x4fffd, 0x4fffd, 0x4fffd, 0x4fffd, 0x4fffd, 0x4fffd,
0x4fffd, 0x4fffd, 0x4fffd, 0x4fffd, 0x4fffd, 0x4fffd, 0x4fffd, 0x4fffd, 0x4fffd, 0x4fffd, 0x4fffd, 0x4fffd,
0x4fffd, 0x4fffd, 0x4fffd, 0x4fffd, 0x4fffd, 0x4fffd, 0x4fffd, 0x4fffd, 0x4fffd, 0x4fffd, 0x4fffd, 0x4fffd,
0x4fffd, 0x4fffd, 0x4fffd, 0x4fffd, 0x4fffd, 0x4fffd, 0x4fffd, 0x4fffd, 0x4fffd, 0x4fffd, 0x4fffd, 0x4fffd,
0x4fffd, 0x4fffd, 0x4fffd, 0x4fffd, 0x4fffd, 0x4fffd, 0x4fffd, 0x4fffd, 0x4fffd, 0x4fffd, 0x4fffd, 0x4fffd,
0x4fffd, 0x4fffd, 0x4fffd, 0x4fffd, 0x4fffd, 0x4fffd, 0x4fffd, 0x4fffd, 0x4fffd, 0x4fffd, 0x4fffd, 0x4fffd,
0x4fffd, 0x4fffd, 0x24f3d, 0x24f73, 0x25047, 0x250f9, 0x252a0, 0x253ef, 0x25475, 0x254e5, 0x25609, 0x25ac1,
0x25bb6, 0x26687, 0x267b6, 0x267b7, 0x267ef, 0x26b4c, 0x273c2, 0x275c2, 0x27a3c, 0x282db, 0x28304, 0x28857,
0x28888, 0x28a36, 0x28cc8, 0x28dcf, 0x28efb, 0x28fe6, 0x299d5, 0x2523b, 0x25374, 0x25404, 0x2606a, 0x26164,
0x26bbc, 0x273cf, 0x2811a, 0x289ba, 0x289d2, 0x295a3, 0x24f83, 0x2520a, 0x258be, 0x25978, 0x259e6, 0x25e72,
0x25e79, 0x261c7, 0x263c0, 0x26746, 0x267ec, 0x2687f, 0x26f97, 0x2764e, 0x2770b, 0x278f5, 0x27a08, 0x27aff,
0x27c21, 0x2809d, 0x2826e, 0x28271, 0x28aeb, 0x29593, 0x24e6b, 0x2559d, 0x266f7, 0x26e34, 0x278a3, 0x27aed,
0x2845b, 0x28910, 0x2874e, 0x297a8, 0x252d8, 0x2574e, 0x2582a, 0x25d4c, 0x2611f, 0x261be, 0x26221, 0x26562,
0x267d1, 0x26a44, 0x26e1b, 0x27518, 0x275b3, 0x276e3, 0x277b0, 0x27d3a, 0x290af, 0x29451, 0x29452, 0x29f95,
0x25323, 0x25cac, 0x27532, 0x280db, 0x29240, 0x29598, 0x2525b, 0x25808, 0x259dc, 0x25ca1, 0x25d17, 0x25eb7,
0x25f3a, 0x25f4a, 0x26177, 0x26c5f, 0x2757a, 0x27586, 0x27ce0, 0x27d73, 0x27db1, 0x27f8c, 0x28154, 0x28221,
0x28591, 0x28941, 0x28b1b, 0x292fc, 0x2964d, 0x29c47, 0x24ecb, 0x24ef7, 0x2500b, 0x251f1, 0x2584f, 0x26137,
0x2613e, 0x26168, 0x26539, 0x269ea, 0x26f11, 0x275a5, 0x27686, 0x276d6, 0x27b87, 0x282a5, 0x284cb, 0x2f900,
0x293a7, 0x2958b, 0x25580, 0x25ba2, 0x25751, 0x2f901, 0x27cb3, 0x27fb9, 0x291b5, 0x25028, 0x253bb, 0x25c45,
0x25de8, 0x262d2, 0x2636e, 0x264da, 0x264e7, 0x26e20, 0x270ac, 0x2795b, 0x28ddd, 0x28e1e, 0x2f902, 0x2907d,
0x29245, 0x292f8, 0x24e7e, 0x24ef6, 0x25065, 0x25dfe, 0x25efa, 0x26106, 0x26957, 0x28171, 0x28654, 0x28e47,
0x29375, 0x29a2b, 0x24e5e, 0x25091, 0x26770, 0x26840, 0x25109, 0x2528d, 0x25292, 0x26aa2, 0x277bc, 0x29210,
0x29ed4, 0x252ab, 0x2602f, 0x28ff2, 0x25048, 0x261a9, 0x263ed, 0x264ca, 0x2683c, 0x26a84, 0x26fc0, 0x28188,
0x289a1, 0x29694, 0x25805, 0x2727d, 0x272ac, 0x27504, 0x27d79, 0x27e6d, 0x280a9, 0x2898b, 0x28b74, 0x29063,
0x29d51, 0x26289, 0x26c7a, 0x26f54, 0x27d50, 0x27f3a, 0x28a23, 0x2517c, 0x2614a, 0x27b9d, 0x28b19, 0x29257,
0x2938c, 0x24eac, 0x24fd3, 0x2501e, 0x250be, 0x25106, 0x252c1, 0x252cd, 0x2537f, 0x25770, 0x25883, 0x25e9a,
0x25f91, 0x26176, 0x261ac, 0x264ce, 0x2656c, 0x2666f, 0x266bb, 0x266f4, 0x26897, 0x26d87, 0x27085, 0x270f1,
0x2749f, 0x274a5, 0x274ca, 0x275d9, 0x2786c, 0x278ec, 0x27adf, 0x27af6, 0x27d45, 0x27d93, 0x28015, 0x2803f,
0x2811b, 0x28396, 0x28b66, 0x28f15, 0x29015, 0x293e1, 0x29803, 0x29838, 0x29a5a, 0x29be8, 0x24fc2, 0x25553,
0x2583a, 0x25951, 0x25b63, 0x25c46, 0x260b8, 0x26212, 0x26842, 0x268b0, 0x268e8, 0x26eaa, 0x2754c, 0x27678,
0x278ce, 0x27a3d, 0x27cfb, 0x27e6b, 0x27e7c, 0x28a08, 0x28aa1, 0x28c3f, 0x2968e, 0x29dc4, 0x253e4, 0x253e9,
0x2544a, 0x25471, 0x256fa, 0x259d1, 0x25b64, 0x25c3b, 0x25eab, 0x262f7, 0x26537, 0x26545, 0x26572, 0x266a0,
0x267af, 0x269c1, 0x26cbd, 0x275fc, 0x27690, 0x2777e, 0x27a3f, 0x27f94, 0x28003, 0x280a1, 0x2818f, 0x282e6,
0x282fd, 0x283f0, 0x285c1, 0x28831, 0x288b4, 0x28aa5, 0x2f903, 0x28f9c, 0x2932e, 0x296c7, 0x29867, 0x29ad8,
0x29f13, 0x254ed, 0x2659b, 0x266f2, 0x2688f, 0x27a40, 0x28c37, 0x29d60, 0x256f0, 0x25764, 0x25d11, 0x26606,
0x268b1, 0x268cd, 0x26efe, 0x27428, 0x2889e, 0x29be4, 0x26c68, 0x2f904, 0x29aa8, 0x24f9b, 0x2516c, 0x25171,
0x2529f, 0x25b54, 0x25de5, 0x26050, 0x2606d, 0x262f1, 0x263a7, 0x2653b, 0x273d9, 0x27a7a, 0x286a3, 0x28ca2,
0x2978f, 0x24e32, 0x25be1, 0x26208, 0x2679c, 0x274dc, 0x279d1, 0x283d3, 0x28a87, 0x28ab2, 0x28de8, 0x2904e,
0x2934b, 0x29846, 0x25ed3, 0x269e8, 0x285ff, 0x290ed, 0x2f905, 0x251a0, 0x25b98, 0x25bec, 0x26163, 0x268fa,
0x26b3e, 0x2704c, 0x2742f, 0x274d8, 0x27ba1, 0x27f50, 0x283c5, 0x289c0, 0x28cab, 0x295dc, 0x29928, 0x2522e,
0x2605d, 0x262ec, 0x29002, 0x24f8a, 0x25149, 0x25321, 0x258d9, 0x25ee3, 0x266e0, 0x26d38, 0x2709a, 0x272c2,
0x273d6, 0x27b50, 0x280f1, 0x2945b, 0x25366, 0x2639b, 0x27f6b, 0x24e56, 0x25080, 0x2584a, 0x258de, 0x2602a,
0x26127, 0x262d0, 0x269d0, 0x29b41, 0x25b8f, 0x27d18, 0x280b1, 0x28f5f, 0x24ea4, 0x250d1, 0x254ac, 0x255ac,
0x25b0c, 0x25da0, 0x25de7, 0x2652a, 0x2654e, 0x26821, 0x26a4b, 0x272e1, 0x2768e, 0x277ef, 0x27d5e, 0x27ff9,
0x281a0, 0x2854e, 0x286df, 0x28f03, 0x28f4e, 0x290ca, 0x29903, 0x29a55, 0x29bab, 0x24e18, 0x24e45, 0x24e5d,
0x24ec7, 0x24ff1, 0x25177, 0x252fe, 0x25340, 0x253e3, 0x253e5, 0x2548e, 0x25614, 0x25775, 0x257a2, 0x25bc7,
0x25d87, 0x25ed0, 0x261fc, 0x262d8, 0x26551, 0x267b8, 0x267e9, 0x269cb, 0x26b50, 0x26bc6, 0x26bec, 0x26c42,
0x26e9d, 0x27078, 0x272d7, 0x27396, 0x27403, 0x277bf, 0x277e9, 0x27a76, 0x27d7f, 0x28009, 0x281fc, 0x28205,
0x2820a, 0x282df, 0x28862, 0x28b33, 0x28cfc, 0x28ec0, 0x29011, 0x290b1, 0x29264, 0x292b6, 0x299d2, 0x29a45,
0x29ce9, 0x29dd7, 0x29f9c, 0x2570b, 0x25c40, 0x283ca, 0x297a0, 0x297ab, 0x29eb4, 0x2541b, 0x27a98, 0x27fa4,
0x288d9, 0x28ecd, 0x290e1, 0x25800, 0x25c48, 0x26398, 0x27a9f, 0x25bae, 0x25f13, 0x27a79, 0x27aae, 0x2828e,
0x28eac, 0x25026, 0x25238, 0x252f8, 0x25377, 0x25708, 0x262f3, 0x26372, 0x26b0a, 0x26dc3, 0x27737, 0x253a5,
0x27357, 0x28568, 0x28e76, 0x295d5, 0x2673a, 0x26ac3, 0x26f70, 0x28a6d, 0x28ecc, 0x2994b, 0x2f906, 0x26677,
0x26b78, 0x28cb4, 0x29b3c, 0x2f907, 0x253eb, 0x2572d, 0x2594e, 0x263c6, 0x269fb, 0x273ea, 0x27845, 0x27aba,
0x27ac5, 0x27cfe, 0x28475, 0x2898f, 0x28d73, 0x29035, 0x295a8, 0x252fb, 0x25747, 0x27547, 0x27b60, 0x283cc,
0x2921e, 0x2f908, 0x26a58, 0x2514b, 0x2524b, 0x25287, 0x2621f, 0x268d8, 0x26975, 0x29699, 0x250c5, 0x252a4,
0x252e4, 0x261c3, 0x265a4, 0x26839, 0x269ff, 0x2747e, 0x27b4b, 0x282b9, 0x283eb, 0x289b2, 0x28b39, 0x28fd1,
0x29949, 0x2f909, 0x24eca, 0x25997, 0x264d2, 0x26611, 0x26a8e, 0x27434, 0x27981, 0x279bd, 0x282a9, 0x2887e,
0x2887f, 0x2895f, 0x2f90a, 0x29326, 0x24f0b, 0x253ca, 0x26025, 0x26271, 0x26c72, 0x27d1a, 0x27d66, 0x24e98,
0x25162, 0x277dc, 0x280af, 0x24f01, 0x24f0e, 0x25176, 0x25180, 0x255dc, 0x25668, 0x2573b, 0x257fa, 0x257fc,
0x25914, 0x25947, 0x25993, 0x25bc4, 0x25c90, 0x25d0e, 0x25df1, 0x25e7e, 0x25fcc, 0x26280, 0x265d7, 0x265e3,
0x2671e, 0x2671f, 0x2675e, 0x268cb, 0x268c4, 0x26a5f, 0x26b3a, 0x26c23, 0x26c7d, 0x26c82, 0x26dc7, 0x27398,
0x27426, 0x2742a, 0x27482, 0x274a3, 0x27578, 0x2757f, 0x27881, 0x278ef, 0x27941, 0x27947, 0x27948, 0x2797a,
0x27b95, 0x27d00, 0x27dba, 0x27f88, 0x28006, 0x2802d, 0x2808c, 0x28a18, 0x28b4f, 0x28c48, 0x28d77, 0x29321,
0x29324, 0x298e2, 0x29951, 0x29a0e, 0x29a0f, 0x29a65, 0x29e92, 0x27dca, 0x24f76, 0x25409, 0x262ee, 0x26854,
0x291d1, 0x255ab, 0x2513a, 0x2f90b, 0x2f90c, 0x25a1c, 0x261e6, 0x2f90d, 0x262cf, 0x262ff, 0x2f90e, 0x2f90f,
0x2f910, 0x2f911, 0x2f912, 0x2f913, 0x290a3, 0x2f914, 0x2f915, 0x2f916, 0x2f917, 0x2f918, 0x28afe, 0x2f919,
0x2f91a, 0x2f91b, 0x2f91c, 0x26696, 0x2f91d, 0x27156, 0x2f91e, 0x2f91f, 0x296e3, 0x2f920, 0x2634f, 0x2637a,
0x25357, 0x2f921, 0x2678f, 0x26960, 0x26e73, 0x2f922, 0x27537, 0x2f923, 0x2f924, 0x2f925, 0x27d0d, 0x2f926,
0x2f927, 0x28872, 0x256ca, 0x25a18, 0x2f928, 0x2f929, 0x2f92a, 0x2f92b, 0x2f92c, 0x24e43, 0x2f92d, 0x25167,
0x25948, 0x267f0, 0x28010, 0x2f92e, 0x25973, 0x25e74, 0x2649a, 0x279ca, 0x25ff5, 0x2606c, 0x262c8, 0x2637b,
0x25be7, 0x25bd7, 0x252aa, 0x2f92f, 0x25974, 0x25f29, 0x26012, 0x2f930, 0x2f931, 0x2f932, 0x27459, 0x2f933,
0x2f934, 0x2f935, 0x2f936, 0x2f937, 0x2f938, 0x299d1, 0x2f939, 0x2f93a, 0x2f93b, 0x2f93c, 0x2f93d, 0x2f93e,
0x2f93f, 0x2f940, 0x2f941, 0x2f942, 0x2f943, 0x26fc3, 0x2f944, 0x2f945, 0x281bf, 0x28fb2, 0x260f1, 0x2f946,
0x2f947, 0x28166, 0x2f948, 0x2f949, 0x25c3f, 0x2f94a, 0x2f94b, 0x2f94c, 0x2f94d, 0x2f94e, 0x2f94f, 0x2f950,
0x2f951, 0x25ae9, 0x28a25, 0x2677b, 0x27d10, 0x2f952, 0x2f953, 0x2f954, 0x2f955, 0x2f956, 0x2f957, 0x280fd,
0x2f958, 0x2f959, 0x25c3c, 0x26ce5, 0x2533f, 0x26eba, 0x2591a, 0x28336, 0x24e39, 0x24eb6, 0x24f46, 0x255ae,
0x25718, 0x258c7, 0x25f56, 0x265b7, 0x265e6, 0x26a80, 0x26bb5, 0x26e4d, 0x277ed, 0x27aef, 0x27c1e, 0x27dde,
0x286cb, 0x28892, 0x29132, 0x2935b, 0x264bb, 0x26fbe, 0x2737a, 0x275b8, 0x29054, 0x25556, 0x2574d, 0x261ba,
0x264d4, 0x266c7, 0x26de1, 0x26e5b, 0x26f6d, 0x26fb9, 0x275f0, 0x28043, 0x281bd, 0x28541, 0x28983, 0x28ac7,
0x28b5a, 0x2931f, 0x26c93, 0x27553, 0x27b54, 0x28e0f, 0x2905d, 0x25510, 0x25802, 0x25858, 0x25e62, 0x26207,
0x2649e, 0x268e0, 0x27576, 0x27cd6, 0x287b3, 0x29ee8, 0x24ee3, 0x25788, 0x2576e, 0x25927, 0x25c0d, 0x25cb1,
0x25e36, 0x25f85, 0x26234, 0x264e1, 0x273b3, 0x281fa, 0x2888b, 0x28cb8, 0x2968a, 0x29edb, 0x25b85, 0x25fb7,
0x260b3, 0x25012, 0x25200, 0x25230, 0x25716, 0x25835, 0x25857, 0x25c0e, 0x25c60, 0x25cf6, 0x25d8b, 0x25ea6,
0x25f92, 0x260bc, 0x26311, 0x26389, 0x26417, 0x26843, 0x268f9, 0x26ac2, 0x26dd8, 0x26e21, 0x26ed4, 0x26fe4,
0x271fe, 0x276dc, 0x27779, 0x279b1, 0x27a3b, 0x28404, 0x289a9, 0x28ced, 0x28df3, 0x28e48, 0x29003, 0x29014,
0x29053, 0x290fd, 0x2934d, 0x29676, 0x297dc, 0x26bd2, 0x27006, 0x27258, 0x272a2, 0x27368, 0x27763, 0x279bf,
0x27be4, 0x27e9b, 0x28b80, 0x258a9, 0x260c7, 0x26566, 0x265fd, 0x266be, 0x26c8c, 0x2711e, 0x271c9, 0x28c5a,
0x29813, 0x24e6d, 0x27a81, 0x24edd, 0x251ac, 0x251cd, 0x252d5, 0x2540c, 0x261a7, 0x26771, 0x26850, 0x268df,
0x26d1e, 0x26f7c, 0x275bc, 0x277b3, 0x27ae5, 0x280f4, 0x28463, 0x29285, 0x2515c, 0x26597, 0x2675c, 0x26793,
0x275d8, 0x27ac7, 0x28373, 0x2f95a, 0x28c46, 0x29017, 0x2982d, 0x25c6f, 0x281c0, 0x2829a, 0x29041, 0x2906f,
0x2920d, 0x25f97, 0x25d9d, 0x26a59, 0x271c8, 0x2767b, 0x27b49, 0x285e4, 0x28b04, 0x29127, 0x29a30, 0x25587,
0x261f6, 0x2f95b, 0x27669, 0x27f85, 0x2863f, 0x287ba, 0x288f8, 0x2908f, 0x2f95c, 0x26d1b, 0x270d9, 0x273de,
0x27d61, 0x2843d, 0x2f95d, 0x2916a, 0x299f1, 0x2f95e, 0x24e82, 0x25375, 0x26b04, 0x26b12, 0x2703e, 0x2721b,
0x2862d, 0x29e1e, 0x2524c, 0x28fa3, 0x25d50, 0x264e5, 0x2652c, 0x26b16, 0x26feb, 0x27c43, 0x27e9c, 0x285cd,
0x28964, 0x289bd, 0x262c9, 0x281d8, 0x2881f, 0x25eca, 0x26717, 0x26d6a, 0x272fc, 0x27405, 0x2746f, 0x28782,
0x290de, 0x24f86, 0x25d0d, 0x25fa0, 0x2840a, 0x251b7, 0x263a0, 0x27565, 0x24eae, 0x25006, 0x25169, 0x251c9,
0x26881, 0x26a11, 0x27cae, 0x27cb1, 0x27ce7, 0x2826f, 0x28ad2, 0x28f1b, 0x291cf, 0x24fb6, 0x25137, 0x252f5,
0x25442, 0x25eec, 0x2616e, 0x2623e, 0x265c5, 0x26ada, 0x26ffe, 0x2792a, 0x285dc, 0x28823, 0x295ad, 0x29a62,
0x29a6a, 0x29e97, 0x29ece, 0x2529b, 0x266c6, 0x26b77, 0x2701d, 0x2792b, 0x28f62, 0x29742, 0x26190, 0x26200,
0x26523, 0x26f23, 0x27149, 0x27489, 0x27df4, 0x2806f, 0x284ee, 0x28f26, 0x29023, 0x2934a, 0x251bd, 0x25217,
0x252a3, 0x26d0c, 0x270c8, 0x288c2, 0x25ec9, 0x26582, 0x26bae, 0x26fc2, 0x27c3e, 0x27375, 0x24ee4, 0x24f36,
0x256f9, 0x2f95f, 0x25cba, 0x25dba, 0x2601c, 0x273b2, 0x27b2d, 0x27f9a, 0x27fce, 0x28046, 0x2901e, 0x29234,
0x296f6, 0x29748, 0x29818, 0x29f61, 0x24f8b, 0x26fa7, 0x279ae, 0x291b4, 0x296b7, 0x252de, 0x2f960, 0x26488,
0x264c4, 0x26ad3, 0x26f5e, 0x27018, 0x27210, 0x276e7, 0x28001, 0x28606, 0x2865c, 0x28def, 0x28f05, 0x29732,
0x29b6f, 0x29dfa, 0x29e75, 0x2788c, 0x2797f, 0x27da0, 0x283c9, 0x29304, 0x29e7f, 0x29e93, 0x28ad6, 0x258df,
0x25f04, 0x26727, 0x27027, 0x274cf, 0x27c60, 0x2807e, 0x25121, 0x27028, 0x27262, 0x278ca, 0x28cc2, 0x28cda,
0x28cf4, 0x296f7, 0x24e86, 0x250da, 0x25bee, 0x25ed6, 0x26599, 0x271ce, 0x27642, 0x277ad, 0x2804a, 0x284fc,
0x2907c, 0x29b27, 0x29f8d, 0x258d8, 0x25a41, 0x25c62, 0x26a13, 0x26dda, 0x26f0f, 0x2763b, 0x27d2f, 0x27e37,
0x2851e, 0x28938, 0x293e4, 0x2964b, 0x25289, 0x265d2, 0x267f3, 0x269b4, 0x26d41, 0x26e9c, 0x2700f, 0x27409,
0x27460, 0x27559, 0x27624, 0x2786b, 0x28b2c, 0x2985e, 0x2516d, 0x2622e, 0x29678, 0x24f96, 0x2502b, 0x25d19,
0x26dea, 0x27db8, 0x28f2a, 0x25f8b, 0x26144, 0x26817, 0x2f961, 0x29686, 0x252d2, 0x2808b, 0x251dc, 0x251cc,
0x2695e, 0x27a1c, 0x27dbe, 0x283f1, 0x29675, 0x24fda, 0x25229, 0x25398, 0x2540f, 0x2550e, 0x25c65, 0x260a7,
0x2674e, 0x268a8, 0x26d6c, 0x27281, 0x272f8, 0x27406, 0x27483, 0x2f962, 0x275e2, 0x27c6c, 0x27f79, 0x27fb8,
0x28389, 0x288cf, 0x288e1, 0x291cc, 0x291d0, 0x296e2, 0x29bc9, 0x2541d, 0x26f7e, 0x271d0, 0x27498, 0x285fa,
0x28eaa, 0x296a3, 0x29c57, 0x29e9f, 0x26797, 0x26dcb, 0x27433, 0x281e8, 0x29716, 0x2782c, 0x27acb, 0x27b20,
0x27c92, 0x26469, 0x2746a, 0x275f2, 0x278bc, 0x278e8, 0x299ac, 0x29b54, 0x29ebb, 0x25bde, 0x25e55, 0x26f20,
0x2819c, 0x283ab, 0x29088, 0x24e07, 0x2534d, 0x25a29, 0x25dd2, 0x25f4e, 0x26162, 0x2633d, 0x26669, 0x266fc,
0x26eff, 0x26f2b, 0x27063, 0x2779e, 0x2842c, 0x28513, 0x2883b, 0x28f13, 0x29945, 0x29c3b, 0x2551c, 0x262b9,
0x2672b, 0x26cab, 0x28309, 0x2896a, 0x2977a, 0x24ea1, 0x25984, 0x25fd8, 0x25fd9, 0x2671b, 0x27db2, 0x27f54,
0x28292, 0x2832b, 0x283bd, 0x28f1e, 0x29099, 0x257cb, 0x259b9, 0x25a92, 0x25bd0, 0x26627, 0x2679a, 0x26885,
0x26bcf, 0x27164, 0x27f75, 0x28cb7, 0x28ce3, 0x29081, 0x29b45, 0x28108, 0x28c8a, 0x2964c, 0x29a40, 0x29ea5,
0x25b5f, 0x26c13, 0x2731b, 0x276f2, 0x276df, 0x2840c, 0x251aa, 0x28993, 0x2514d, 0x25195, 0x252c9, 0x268c9,
0x26c94, 0x27704, 0x27720, 0x27dbf, 0x27dec, 0x29762, 0x29eb5, 0x26ec5, 0x28511, 0x251a5, 0x2540d, 0x2547d,
0x2660e, 0x2669d, 0x26927, 0x26e9f, 0x276bf, 0x27791, 0x28317, 0x284c2, 0x2879f, 0x29169, 0x29298, 0x29cf4,
0x28882, 0x24fae, 0x25192, 0x252df, 0x259c6, 0x25e3d, 0x26155, 0x26478, 0x26479, 0x266ae, 0x267d0, 0x26a21,
0x26bcd, 0x26bdb, 0x2725f, 0x27261, 0x27441, 0x27738, 0x277db, 0x28017, 0x282bc, 0x28305, 0x28b00, 0x28b28,
0x28c8c, 0x26728, 0x26c90, 0x27267, 0x276ee, 0x27766, 0x27a46, 0x29da9, 0x26b7f, 0x26c92, 0x25922, 0x26726,
0x28499, 0x2536f, 0x25893, 0x25999, 0x25edf, 0x263cf, 0x26634, 0x26773, 0x26e3a, 0x2732b, 0x27ad7, 0x282d7,
0x29328, 0x252d9, 0x25deb, 0x261ae, 0x261cb, 0x2620a, 0x262c7, 0x264ab, 0x265e0, 0x26959, 0x26b66, 0x26bcb,
0x27121, 0x273f7, 0x2755d, 0x27e46, 0x2821e, 0x28302, 0x2856a, 0x28aa3, 0x28cbf, 0x29727, 0x29d61, 0x258a8,
0x29ed8, 0x25011, 0x2520e, 0x2543b, 0x2554f, 0x26587, 0x26c76, 0x27d0a, 0x27d0b, 0x2805e, 0x2868a, 0x29580,
0x296ef, 0x252ff, 0x26c95, 0x27269, 0x25473, 0x25a9a, 0x25c3e, 0x25d4b, 0x25f4c, 0x25fae, 0x2672a, 0x268b6,
0x26963, 0x26e3c, 0x26e44, 0x27709, 0x27c73, 0x27f8e, 0x28587, 0x28b0e, 0x28ff7, 0x29761, 0x29ef4, 0x25cb7,
0x260b6, 0x2610d, 0x261ab, 0x2654f, 0x265fb, 0x265fc, 0x26c11, 0x26cef, 0x2739f, 0x273c9, 0x27de1, 0x29594,
0x25bc6, 0x2871c, 0x28b10, 0x2525d, 0x2535a, 0x262cd, 0x2640f, 0x264b2, 0x26734, 0x26a38, 0x26cca, 0x273c0,
0x2749e, 0x27b94, 0x27c95, 0x27e1b, 0x2818a, 0x28236, 0x28584, 0x28feb, 0x296f9, 0x299c1, 0x24f34, 0x2534a,
0x253cd, 0x253db, 0x262cc, 0x2642c, 0x26500, 0x26591, 0x269c3, 0x26cee, 0x26f58, 0x273ed, 0x27554, 0x27622,
0x276e4, 0x276fc, 0x278d0, 0x278fb, 0x2792c, 0x27d46, 0x2822c, 0x287e0, 0x28fd4, 0x29812, 0x298ef, 0x252c3,
0x262d4, 0x264a5, 0x26e24, 0x26f51, 0x2767c, 0x28dcb, 0x291b1, 0x29262, 0x29aee, 0x29b43, 0x25023, 0x2508d,
0x2574a, 0x259a8, 0x25c28, 0x25e47, 0x25f77, 0x2623f, 0x2653e, 0x265b9, 0x265c1, 0x26609, 0x2678b, 0x2699c,
0x26ec2, 0x278c5, 0x27d21, 0x280aa, 0x28180, 0x2822b, 0x282b3, 0x284a1, 0x2868c, 0x28a2a, 0x28b17, 0x290a6,
0x29632, 0x29f90, 0x2500d, 0x24ff3, 0x2f963, 0x257f9, 0x25f98, 0x262dc, 0x26392, 0x2676f, 0x26e43, 0x27119,
0x276c3, 0x280cc, 0x280da, 0x288f4, 0x288f5, 0x28919, 0x28ce0, 0x28f29, 0x2914d, 0x2966a, 0x24f2f, 0x24f70,
0x25e1b, 0x267cf, 0x26822, 0x2767d, 0x2767e, 0x29b44, 0x25e61, 0x26a0a, 0x27169, 0x271d4, 0x2756a, 0x2f964,
0x27e41, 0x28543, 0x285e9, 0x298dc, 0x24f10, 0x27b4f, 0x27f70, 0x295a5, 0x251e1, 0x25e06, 0x268b5, 0x26c3e,
0x26c4e, 0x26cdb, 0x272af, 0x27bc4, 0x28303, 0x26cd5, 0x2743a, 0x250fb, 0x25288, 0x258c1, 0x264d8, 0x26a97,
0x274a7, 0x27656, 0x278a7, 0x28617, 0x295e2, 0x29739, 0x2f965, 0x2535e, 0x25f01, 0x28b8a, 0x28fa8, 0x28faf,
0x2908a, 0x25225, 0x277a5, 0x29c49, 0x29f08, 0x24e19, 0x25002, 0x25175, 0x25c5b, 0x25e77, 0x2661e, 0x2663a,
0x267c4, 0x268c5, 0x270b3, 0x27501, 0x275c5, 0x279c9, 0x27add, 0x28f27, 0x29920, 0x29a08, 0x24fdd, 0x25821,
0x25831, 0x25bf6, 0x2666e, 0x26b65, 0x26d11, 0x26e7a, 0x26f7d, 0x273e4, 0x2752b, 0x283e9, 0x288dc, 0x28913,
0x28b5c, 0x28f14, 0x24f0f, 0x250d5, 0x25310, 0x2535c, 0x25b93, 0x25fa9, 0x2670d, 0x2798f, 0x28179, 0x2832f,
0x28514, 0x28907, 0x28986, 0x28f39, 0x28f3b, 0x299a5, 0x29c12, 0x2672c, 0x24e76, 0x24ff8, 0x25949, 0x25c01,
0x25cef, 0x25cf0, 0x26367, 0x268d2, 0x270fd, 0x271a2, 0x2742b, 0x27e2b, 0x284ec, 0x28702, 0x29022, 0x292d2,
0x29cf3, 0x24e0d, 0x24ed8, 0x24fef, 0x25085, 0x25256, 0x2526f, 0x25426, 0x25490, 0x257e0, 0x2592b, 0x25a66,
0x25b5a, 0x25b75, 0x25bcc, 0x25e9c, 0x2f966, 0x26276, 0x26577, 0x265a7, 0x26d6e, 0x26ea5, 0x27236, 0x27b26,
0x27c3f, 0x27f36, 0x28150, 0x28151, 0x2819a, 0x28240, 0x28299, 0x283a9, 0x28a03, 0x28ca0, 0x28ce6, 0x28cfb,
0x28d74, 0x28dba, 0x290e8, 0x291dc, 0x2961c, 0x29644, 0x299d9, 0x29ce7, 0x25317, 0x25206, 0x25429, 0x25674,
0x258b3, 0x25954, 0x2596e, 0x25fff, 0x261a4, 0x2626e, 0x26610, 0x26c7e, 0x2711a, 0x276c6, 0x27c89, 0x27cde,
0x27d1b, 0x282ac, 0x28cc1, 0x296f0, 0x2f967, 0x24f5b, 0x25f17, 0x25f7f, 0x262c2, 0x25d29, 0x2670b, 0x268da,
0x2787c, 0x27e43, 0x29d6c, 0x24e15, 0x25099, 0x25315, 0x2532a, 0x25351, 0x25983, 0x25a62, 0x25e87, 0x260b2,
0x2618a, 0x26249, 0x26279, 0x26590, 0x26787, 0x269a7, 0x26bd4, 0x26bd6, 0x26bd7, 0x26bd8, 0x26cb8, 0x2f968,
0x27435, 0x275fa, 0x27812, 0x27891, 0x279d5, 0x279d8, 0x27c83, 0x27dcb, 0x27fe1, 0x280a5, 0x2813e, 0x281c2,
0x283f2, 0x2871a, 0x288e8, 0x28ab9, 0x28b6c, 0x28cbb, 0x29119, 0x2975e, 0x298db, 0x29f3b, 0x256ac, 0x25b2a,
0x25f6c, 0x2658c, 0x26ab3, 0x26baf, 0x26d5c, 0x26ff1, 0x27015, 0x2725d, 0x273ad, 0x28ca7, 0x28cd3, 0x2983b,
0x26191, 0x26c37, 0x28058, 0x29a01, 0x24e4d, 0x24e8b, 0x24e9b, 0x24ed5, 0x24f3a, 0x24f3c, 0x24f7f, 0x24fdf,
0x250ff, 0x253f2, 0x253f8, 0x25506, 0x255e3, 0x256db, 0x258eb, 0x25962, 0x25a11, 0x25beb, 0x25bfa, 0x25c04,
0x25df3, 0x25e2b, 0x25f99, 0x2601d, 0x26368, 0x2659c, 0x265af, 0x267f6, 0x267fb, 0x268ad, 0x26b7b, 0x26c99,
0x26cd7, 0x26e23, 0x27009, 0x27345, 0x27802, 0x2793e, 0x27940, 0x27960, 0x279c1, 0x27be9, 0x27d17, 0x27d72,
0x28086, 0x2820d, 0x2838e, 0x284d1, 0x286c7, 0x288df, 0x28a50, 0x28a5e, 0x28b1d, 0x28cdc, 0x28d66, 0x28fad,
0x290aa, 0x298fc, 0x299df, 0x29e9d, 0x2524a, 0x2f969, 0x26714, 0x2f96a, 0x25098, 0x2522a, 0x25c71, 0x26563,
0x26c55, 0x273ca, 0x27523, 0x2759d, 0x27b97, 0x2849c, 0x29178, 0x29730, 0x24e77, 0x26492, 0x26bba, 0x2715e,
0x285a9, 0x24e09, 0x2f96b, 0x26749, 0x268ee, 0x26e17, 0x2829f, 0x28518, 0x2886b, 0x263f7, 0x26f81, 0x29212,
0x298af, 0x24e0a, 0x250b7, 0x250cf, 0x2511f, 0x25546, 0x255aa, 0x25617, 0x25b40, 0x25c19, 0x25ce0, 0x25e38,
0x25e8a, 0x25ea0, 0x25ec2, 0x260f3, 0x26851, 0x26a61, 0x26e58, 0x2723d, 0x27240, 0x272c0, 0x276f8, 0x27965,
0x27bb1, 0x27fd4, 0x288f3, 0x289f4, 0x28a73, 0x28c61, 0x28cde, 0x2971c, 0x2585e, 0x274bd, 0x28cfd, 0x255c7,
0x2f96c, 0x27a61, 0x27d22, 0x28272, 0x27272, 0x2751f, 0x27525, 0x2f96d, 0x27b19, 0x25885, 0x258fb, 0x25dbc,
0x25e8f, 0x25eb6, 0x25f90, 0x26055, 0x26292, 0x2637f, 0x2654d, 0x26691, 0x266d9, 0x266f8, 0x26816, 0x268f2,
0x27280, 0x2745e, 0x27b6e, 0x27d6e, 0x27dd6, 0x27f72, 0x280e5, 0x28212, 0x285af, 0x2897f, 0x28a93, 0x2901d,
0x292e4, 0x29ecd, 0x29f20, 0x25915, 0x2596d, 0x25e2d, 0x260dc, 0x26614, 0x26673, 0x26790, 0x26c50, 0x26dc5,
0x26f5f, 0x277f3, 0x278a9, 0x284c6, 0x291cb, 0x2932b, 0x24ed9, 0x250ca, 0x25148, 0x25584, 0x25b0b, 0x25ba3,
0x26247, 0x2657e, 0x265cb, 0x26e32, 0x2717d, 0x27401, 0x27444, 0x27487, 0x274bf, 0x2766c, 0x279aa, 0x27dda,
0x27e55, 0x27fa8, 0x2817a, 0x281b3, 0x28239, 0x2861a, 0x287ec, 0x28a75, 0x28de3, 0x29078, 0x29291, 0x29425,
0x2994d, 0x29bae, 0x25368, 0x25c51, 0x26954, 0x26cc4, 0x26d29, 0x26e2b, 0x2820c, 0x2859b, 0x2893b, 0x28a2d,
0x28aaa, 0x296ea, 0x29f67, 0x25261, 0x266b9, 0x26bb2, 0x27e96, 0x287fe, 0x28d0d, 0x29583, 0x2965d, 0x2651d,
0x26d89, 0x271ee, 0x2f96e, 0x257ce, 0x259d3, 0x25bac, 0x26027, 0x260fa, 0x26210, 0x2661f, 0x2665f, 0x27329,
0x273f9, 0x276db, 0x27701, 0x27b6c, 0x28056, 0x28072, 0x28165, 0x28aa0, 0x29192, 0x24e16, 0x252e2, 0x26b72,
0x26d17, 0x27a05, 0x27b39, 0x27d30, 0x2f96f, 0x28cb0, 0x253ec, 0x2562f, 0x25851, 0x25bb5, 0x25c0f, 0x25c11,
0x25de2, 0x26240, 0x26383, 0x26414, 0x2662d, 0x268b3, 0x26cbc, 0x26d88, 0x26eaf, 0x2701f, 0x270a4, 0x271d2,
0x27526, 0x2758f, 0x2758e, 0x27619, 0x27b11, 0x27be0, 0x27c2b, 0x27d20, 0x27d39, 0x2852c, 0x2856d, 0x28607,
0x28a34, 0x2900d, 0x29061, 0x290b5, 0x292b7, 0x297f6, 0x29a37, 0x24fd7, 0x25c6c, 0x2675f, 0x26d91, 0x27c9f,
0x27e8c, 0x28b16, 0x28d16, 0x2901f, 0x25b6b, 0x25dfd, 0x2640d, 0x284c0, 0x2905c, 0x298e1, 0x27387, 0x25b8b,
0x2609a, 0x2677e, 0x26dde, 0x28a1f, 0x28aa6, 0x29001, 0x2980c, 0x25237, 0x2f970, 0x27051, 0x2788e, 0x29396,
0x28870, 0x291d7, 0x24fee, 0x253d7, 0x255fd, 0x256da, 0x25782, 0x258fd, 0x25ac2, 0x25b88, 0x25cab, 0x25cc0,
0x25e25, 0x26101, 0x2620d, 0x2624b, 0x26388, 0x2641c, 0x26536, 0x26578, 0x26a39, 0x26b8a, 0x26c34, 0x26d19,
0x26f31, 0x271e7, 0x272e9, 0x27378, 0x27407, 0x274b2, 0x27626, 0x27761, 0x279c0, 0x27a57, 0x27aea, 0x27cb9,
0x27d8f, 0x27dac, 0x27e61, 0x27f9e, 0x28129, 0x28331, 0x28490, 0x284da, 0x285ea, 0x28896, 0x28ab0, 0x28b90,
0x28f38, 0x29042, 0x29083, 0x2916c, 0x29296, 0x292b9, 0x2968b, 0x296a7, 0x296a8, 0x296d6, 0x29700, 0x29808,
0x29996, 0x29ad3, 0x29b1a, 0x253d4, 0x2587e, 0x25919, 0x25b70, 0x25bbf, 0x26dd1, 0x26f5a, 0x2719f, 0x27421,
0x274b9, 0x28085, 0x283fd, 0x25de1, 0x25f87, 0x25faa, 0x26042, 0x265ec, 0x26812, 0x2696f, 0x26a53, 0x26b89,
0x26d35, 0x26df3, 0x273e3, 0x276fe, 0x277ac, 0x27b4d, 0x27d14, 0x28123, 0x2821c, 0x28340, 0x284f4, 0x28563,
0x28a62, 0x28ac4, 0x29187, 0x2931e, 0x29806, 0x299b4, 0x2620c, 0x28853, 0x28ff0, 0x29265, 0x25d07, 0x25d27,
0x25d69, 0x2745f, 0x2819d, 0x28768, 0x26fd5, 0x262fe, 0x27fd2, 0x28936, 0x28972, 0x24e1e, 0x24e58, 0x250e7,
0x252dd, 0x25347, 0x2627f, 0x26607, 0x27e69, 0x28805, 0x2965e, 0x24f8d, 0x25319, 0x25636, 0x259cb, 0x25aa4,
0x25c38, 0x25c4e, 0x25c4d, 0x25e02, 0x25f11, 0x26043, 0x265bd, 0x2662f, 0x26642, 0x267be, 0x267f4, 0x2731c,
0x277e2, 0x2793a, 0x27fc5, 0x28494, 0x284cd, 0x28996, 0x28a66, 0x28a69, 0x28ae1, 0x28c55, 0x28c7a, 0x257f4,
0x25bd4, 0x25f0f, 0x2606f, 0x262ed, 0x2690d, 0x26b96, 0x26e5c, 0x27184, 0x27bd2, 0x28755, 0x28b58, 0x28efe,
0x298df, 0x298fe, 0x24f38, 0x24f81, 0x24fe1, 0x2547b, 0x25a20, 0x25bb8, 0x2613c, 0x265b0, 0x26668, 0x271fc,
0x27533, 0x2795e, 0x27d33, 0x2814e, 0x281e3, 0x28398, 0x285aa, 0x285ce, 0x28703, 0x28a0a, 0x28eab, 0x28f9b,
0x2f971, 0x28fc5, 0x25931, 0x25ba4, 0x25be6, 0x26089, 0x25be9, 0x25c0b, 0x25fc3, 0x26c81, 0x2f972, 0x26df1,
0x2700b, 0x2751a, 0x282af, 0x28af6, 0x24ec0, 0x25341, 0x2f973, 0x296d9, 0x26c0f, 0x24e9e, 0x24fc4, 0x25152,
0x2555e, 0x25a25, 0x25ce8, 0x26211, 0x27259, 0x282bd, 0x283aa, 0x286fe, 0x28859, 0x28a1d, 0x2963f, 0x296c5,
0x29913, 0x29d09, 0x29d5d, 0x2580a, 0x25cb3, 0x25dbd, 0x25e44, 0x260e1, 0x26115, 0x263e1, 0x26a02, 0x26e25,
0x29102, 0x29354, 0x2984e, 0x29c10, 0x29f77, 0x25b89, 0x25cb8, 0x26309, 0x2664f, 0x26848, 0x2773c, 0x296c1,
0x2978d, 0x29854, 0x29b9f, 0x265a1, 0x28b01, 0x28ecb, 0x295bc, 0x25535, 0x25ca9, 0x25dd6, 0x25eb5, 0x26697,
0x2764c, 0x283f4, 0x295c7, 0x258d3, 0x262bc, 0x272ce, 0x29d28, 0x24ef0, 0x2592e, 0x2600f, 0x2663b, 0x26b83,
0x279e7, 0x29d26, 0x25393, 0x254c0, 0x257c3, 0x25d16, 0x2611b, 0x266d6, 0x26daf, 0x2788d, 0x2827e, 0x29698,
0x29744, 0x25384, 0x2627c, 0x26396, 0x26db2, 0x27e0a, 0x2814b, 0x2984d, 0x26afb, 0x27f4c, 0x29daf, 0x29e1a,
0x24e5f, 0x2503b, 0x251b6, 0x2591c, 0x260f9, 0x263f6, 0x26930, 0x2723a, 0x28036, 0x2f974, 0x291ce, 0x25f31,
0x2f975, 0x2f976, 0x27d04, 0x282e5, 0x2846f, 0x284bb, 0x285e5, 0x28e8d, 0x2f977, 0x24f6f, 0x2f978, 0x2f979,
0x258e4, 0x25b43, 0x26059, 0x263da, 0x26518, 0x2656d, 0x26698, 0x2f97a, 0x2694a, 0x26a23, 0x26d0b, 0x27001,
0x2716c, 0x275d2, 0x2760d, 0x279b3, 0x27a70, 0x2f97b, 0x27f8a, 0x2f97c, 0x28944, 0x2f97d, 0x28b93, 0x291c0,
0x2967d, 0x2f97e, 0x2990a, 0x25704, 0x25fa1, 0x265bc, 0x26f01, 0x27600, 0x279a6, 0x28a9e, 0x299ad, 0x29b5a,
0x29f6c, 0x25104, 0x261b6, 0x26291, 0x26a8d, 0x281c6, 0x25043, 0x25830, 0x25f66, 0x27109, 0x28a00, 0x28afa,
0x25b7c, 0x28616, 0x24ffa, 0x2513c, 0x256b4, 0x25944, 0x263a9, 0x26df9, 0x25daa, 0x2696d, 0x25186, 0x24e88,
0x24f59, 0x2f97f, 0x2f980, 0x2f981, 0x25982, 0x2f982, 0x2f983, 0x26b5f, 0x26c5d, 0x2f984, 0x274b5, 0x27916,
0x2f985, 0x28207, 0x28245, 0x28339, 0x28f3f, 0x28f5d, 0x2f986, 0x29918, 0x2f987, 0x2f988, 0x2f989, 0x24ea6,
0x2f98a, 0x257df, 0x25f79, 0x26613, 0x2f98b, 0x2f98c, 0x275ab, 0x27e79, 0x28b6f, 0x2f98d, 0x29006, 0x29a5b,
0x256a5, 0x25827, 0x259f8, 0x25a1f, 0x25bb4, 0x2f98e, 0x25ef6, 0x2f98f, 0x2f990, 0x26350, 0x2633b, 0x2f991,
0x2693d, 0x26c87, 0x26cbf, 0x26d8e, 0x26d93, 0x26df5, 0x26f14, 0x2f992, 0x270df, 0x27136, 0x27159, 0x2f993,
0x271c3, 0x271d5, 0x2f994, 0x2784f, 0x2786f, 0x2f995, 0x27b75, 0x27de3, 0x2f996, 0x27e2f, 0x2f997, 0x2884d,
0x28edf, 0x2f998, 0x2f999, 0x2f99a, 0x2925b, 0x2f99b, 0x29cf6, 0x2f99c, 0x2f99d, 0x2f99e, 0x26085, 0x26d85,
0x2f99f, 0x271b1, 0x2f9a0, 0x2f9a1, 0x295b1, 0x253ad, 0x2f9a2, 0x2f9a3, 0x2f9a4, 0x267d3, 0x2f9a5, 0x2708e,
0x27130, 0x27430, 0x28276, 0x282d2, 0x2f9a6, 0x295bb, 0x29ae5, 0x29e7d, 0x266c4, 0x2f9a7, 0x271c1, 0x28449,
0x2f9a8, 0x2f9a9, 0x2584b, 0x2f9aa, 0x2f9ab, 0x25db8, 0x25f71, 0x2f9ac, 0x26620, 0x2668e, 0x26979, 0x269ae,
0x26c38, 0x26cf3, 0x26e36, 0x26f41, 0x26fda, 0x2701b, 0x2702f, 0x27150, 0x271df, 0x27370, 0x2f9ad, 0x2745b,
0x2f9ae, 0x274d4, 0x276c8, 0x27a4e, 0x27e93, 0x2f9af, 0x2f9b0, 0x282f1, 0x28a60, 0x28fce, 0x2f9b1, 0x29348,
0x2f9b2, 0x29719, 0x2f9b3, 0x2f9b4, 0x24e42, 0x2502a, 0x2f9b5, 0x25208, 0x253e1, 0x266f3, 0x26c6d, 0x26fca,
0x2730a, 0x2777f, 0x27a62, 0x282ae, 0x285dd, 0x28602, 0x2f9b6, 0x288d4, 0x28a63, 0x28b7d, 0x28c6b, 0x2f9b7,
0x292b3, 0x2f9b8, 0x29713, 0x29810, 0x24e94, 0x24f0d, 0x24fc9, 0x250b2, 0x25348, 0x2543e, 0x25433, 0x255da,
0x25862, 0x258ba, 0x25967, 0x25a1b, 0x25be4, 0x2609f, 0x2f9b9, 0x261ca, 0x26556, 0x265ff, 0x26664, 0x268a7,
0x26c5a, 0x26fb3, 0x270cf, 0x271ac, 0x27352, 0x27b7d, 0x28708, 0x28aa4, 0x29c32, 0x29f07, 0x25c4b, 0x26c83,
0x27344, 0x27389, 0x2923a, 0x26eab, 0x27465, 0x2761f, 0x27a69, 0x27e15, 0x2860a, 0x25140, 0x258c5, 0x264c1,
0x274ee, 0x27515, 0x27670, 0x27fc1, 0x29095, 0x296cd, 0x29954, 0x26e26, 0x274e6, 0x27aa9, 0x27aaa, 0x281e5,
0x286d9, 0x28778, 0x28a1b, 0x25a49, 0x25b8c, 0x25b9b, 0x268a1, 0x26900, 0x26d63, 0x273a9, 0x27413, 0x2742c,
0x27897, 0x27de9, 0x27feb, 0x28118, 0x28155, 0x2839e, 0x28c4c, 0x2962e, 0x29811, 0x266f0, 0x25f80, 0x265fa,
0x26789, 0x26c6a, 0x2738b, 0x2502d, 0x25a03, 0x26b6a, 0x277ee, 0x25916, 0x25d6c, 0x25dcd, 0x27325, 0x2754f,
0x2f9ba, 0x2f9bb, 0x250e5, 0x251f9, 0x2582f, 0x2592d, 0x25996, 0x259da, 0x25be5, 0x2f9bc, 0x2f9bd, 0x25da2,
0x262d7, 0x26416, 0x26493, 0x264fe, 0x2f9be, 0x266dc, 0x2f9bf, 0x26a48, 0x2f9c0, 0x271ff, 0x27464, 0x2f9c1,
0x27a88, 0x27aaf, 0x27e47, 0x27e5e, 0x28000, 0x28170, 0x2f9c2, 0x287ef, 0x28981, 0x28b20, 0x29059, 0x2f9c3,
0x29080, 0x29952, 0x2617e, 0x26b32, 0x26d74, 0x27e1f, 0x28925, 0x28fb1, 0x24fd1, 0x250ad, 0x25197, 0x252c7,
0x257c7, 0x25889, 0x25bb9, 0x25eb8, 0x26142, 0x26995, 0x26d8c, 0x26e67, 0x26eb6, 0x27194, 0x27462, 0x27528,
0x2752c, 0x28073, 0x28338, 0x284c9, 0x28e0a, 0x29394, 0x293de, 0x2f9c4, 0x24e8e, 0x24f51, 0x25076, 0x2512a,
0x253c8, 0x253cb, 0x253f3, 0x25b87, 0x25bd3, 0x25c24, 0x2611a, 0x26182, 0x265f4, 0x2725b, 0x27397, 0x27440,
0x276c2, 0x27950, 0x27991, 0x279b9, 0x27d06, 0x27fbd, 0x2828b, 0x285d5, 0x2865e, 0x28fc2, 0x29047, 0x290f5,
0x291ea, 0x29685, 0x296e8, 0x296e9, 0x252d6, 0x25f67, 0x265ed, 0x26631, 0x2682f, 0x2715c, 0x27a36, 0x290c1,
0x2980a, 0x24e91, 0x2f9c5, 0x26a52, 0x26b9e, 0x26f90, 0x27189, 0x28018, 0x282b8, 0x28553, 0x2904b, 0x29695,
0x296f2, 0x297fb, 0x2851a, 0x29b31, 0x24e90, 0x2718a, 0x296c4, 0x25143, 0x2539f, 0x254e1, 0x25713, 0x25712,
0x257a3, 0x25a9b, 0x25ac4, 0x25bc3, 0x26028, 0x2613f, 0x263f4, 0x26c85, 0x26d39, 0x26e72, 0x26e90, 0x27230,
0x2733f, 0x27457, 0x282d1, 0x28881, 0x28f45, 0x29060, 0x2f9c6, 0x29662, 0x29858, 0x29d1b, 0x26708, 0x28d8a,
0x2925e, 0x24f4d, 0x25049, 0x250de, 0x25371, 0x2570d, 0x259d4, 0x25a01, 0x25c09, 0x26170, 0x26690, 0x26e2d,
0x27232, 0x2744b, 0x27def, 0x280c3, 0x2840e, 0x28466, 0x2853f, 0x2875f, 0x2885b, 0x28918, 0x28b02, 0x29055,
0x297cb, 0x29b4f, 0x24e73, 0x24f91, 0x25112, 0x2516a, 0x2f9c7, 0x2552f, 0x255a9, 0x25b7a, 0x25ba5, 0x25e7c,
0x25e7d, 0x25ebe, 0x260a0, 0x260df, 0x26108, 0x26109, 0x263c4, 0x26538, 0x26709, 0x2f9c8, 0x267d4, 0x267da,
0x2f9c9, 0x26961, 0x26962, 0x26cb9, 0x26d27, 0x2f9ca, 0x26e38, 0x2f9cb, 0x26fe1, 0x27336, 0x27337, 0x2f9cc,
0x2745c, 0x27531, 0x2f9cd, 0x27652, 0x2f9ce, 0x2f9cf, 0x27dad, 0x281fe, 0x28438, 0x288d5, 0x28a98, 0x28adb,
0x28aed, 0x28e30, 0x28e42, 0x2904a, 0x2903e, 0x2907a, 0x29149, 0x291c9, 0x2936e, 0x2f9d0, 0x2f9d1, 0x25809,
0x2f9d2, 0x26bd3, 0x28089, 0x280b2, 0x2f9d3, 0x2f9d4, 0x25141, 0x2596b, 0x25c39, 0x2f9d5, 0x2f9d6, 0x26f64,
0x273a7, 0x280e4, 0x28d07, 0x2f9d7, 0x29217, 0x2958f, 0x2f9d8, 0x2f9d9, 0x2f9da, 0x2f9db, 0x2807f, 0x2620e,
0x2701c, 0x27d68, 0x2878d, 0x2f9dc, 0x257a0, 0x26069, 0x26147, 0x26bb7, 0x28abe, 0x29280, 0x296b1, 0x24e59,
0x2541f, 0x26deb, 0x2852d, 0x29670, 0x297f3, 0x298ee, 0x263d6, 0x26ce3, 0x29091, 0x251dd, 0x261c9, 0x281ba,
0x29df9, 0x24f9d, 0x2501a, 0x25100, 0x25b9c, 0x2610f, 0x261ff, 0x264ec, 0x26905, 0x26bc5, 0x27591, 0x277e3,
0x27fa9, 0x28264, 0x2858f, 0x287fb, 0x28863, 0x28abc, 0x28b70, 0x291ab, 0x24e8c, 0x24ee5, 0x24f0a, 0x2f9dd,
0x2f9de, 0x25937, 0x259e8, 0x2f9df, 0x25df2, 0x25f1b, 0x25f5b, 0x26021, 0x2f9e0, 0x2f9e1, 0x2f9e2, 0x2f9e3,
0x2723e, 0x273e5, 0x2f9e4, 0x27570, 0x275cd, 0x2f9e5, 0x279fb, 0x2f9e6, 0x2800c, 0x28033, 0x28084, 0x282e1,
0x28351, 0x2f9e7, 0x2f9e8, 0x28cbd, 0x28cb3, 0x29087, 0x2f9e9, 0x2f9ea, 0x298f4, 0x2990c, 0x2f9eb, 0x2f9ec,
0x27037, 0x276ca, 0x27fca, 0x27fcc, 0x27ffc, 0x28b1a, 0x24eba, 0x24ec1, 0x25203, 0x25370, 0x2f9ed, 0x254bd,
0x256e0, 0x259fb, 0x25bc5, 0x25f15, 0x25fcd, 0x26e6e, 0x2f9ee, 0x2f9ef, 0x27d6a, 0x28335, 0x2f9f0, 0x28693,
0x28a8d, 0x2f9f1, 0x2976d, 0x29777, 0x2f9f2, 0x2f9f3, 0x24e00, 0x24f5a, 0x24f7e, 0x258f9, 0x265e5, 0x26ea2,
0x29038, 0x293b0, 0x299b9, 0x24efb, 0x258ec, 0x2598a, 0x259d9, 0x26041, 0x2f9f4, 0x2f9f5, 0x27a14, 0x2f9f6,
0x2834f, 0x28cc3, 0x25165, 0x25344, 0x2f9f7, 0x2f9f8, 0x2f9f9, 0x24ecd, 0x25269, 0x25b55, 0x282bf, 0x24ed4,
0x2523a, 0x254a8, 0x259c9, 0x259ff, 0x25b50, 0x25b57, 0x25b5c, 0x26063, 0x26148, 0x26ecb, 0x27099, 0x2716e,
0x27386, 0x274f7, 0x275b5, 0x278c1, 0x27d2b, 0x28005, 0x281ea, 0x28328, 0x28517, 0x285c9, 0x28aee, 0x28cc7,
0x296cc, 0x24f5c, 0x252fa, 0x256bc, 0x265ab, 0x26628, 0x2707c, 0x270b8, 0x27235, 0x27dbd, 0x2828d, 0x2914c,
0x296c0, 0x29d72, 0x25b71, 0x268e7, 0x26b98, 0x26f7a, 0x276de, 0x25c91, 0x266ab, 0x26f5b, 0x27bb4, 0x27c2a,
0x28836, 0x296dc, 0x24e08, 0x24ed7, 0x25320, 0x25834, 0x258bb, 0x258ef, 0x2596c, 0x25c07, 0x25e33, 0x25e84,
0x25f35, 0x2638c, 0x266b2, 0x26756, 0x26a1f, 0x26aa3, 0x26b0c, 0x26f3f, 0x27246, 0x2f9fa, 0x27350, 0x2748b,
0x27ae0, 0x27ca7, 0x28178, 0x281df, 0x281e7, 0x2838a, 0x2846c, 0x28523, 0x28594, 0x285cf, 0x288dd, 0x28d13,
0x291ac, 0x29577, 0x2969c, 0x2518d, 0x254c9, 0x25728, 0x25bb0, 0x2624d, 0x26750, 0x2683d, 0x26893, 0x26e3d,
0x26ed3, 0x2707d, 0x27e21, 0x288c1, 0x28ca1, 0x28f09, 0x29f4b, 0x29f4e, 0x2722d, 0x27b8f, 0x28acd, 0x2931a,
0x24f47, 0x24f4e, 0x25132, 0x25480, 0x259d0, 0x25e95, 0x262b5, 0x26775, 0x2696e, 0x26a17, 0x26cae, 0x26e1a,
0x272d9, 0x2732a, 0x275bd, 0x27bb8, 0x27d35, 0x282e7, 0x283f9, 0x28457, 0x285f7, 0x28a5b, 0x28caf, 0x28e87,
0x29019, 0x290b8, 0x296ce, 0x29f5f, 0x252e3, 0x2540a, 0x25ae1, 0x25bc2, 0x26458, 0x26575, 0x26ef4, 0x272c4,
0x2f9fb, 0x27684, 0x27a4d, 0x27b1b, 0x27c4d, 0x27e3e, 0x27fdf, 0x2837b, 0x28b2b, 0x28cca, 0x28d64, 0x28de1,
0x28e5f, 0x28fea, 0x28ff9, 0x29069, 0x293d1, 0x24f43, 0x24f7a, 0x250b3, 0x25168, 0x25178, 0x2524d, 0x2526a,
0x25861, 0x2587c, 0x25960, 0x25c08, 0x25c55, 0x25edb, 0x2609b, 0x26230, 0x26813, 0x26bbf, 0x26c08, 0x26fb1,
0x2714e, 0x27420, 0x27530, 0x27538, 0x27551, 0x27672, 0x27b4c, 0x27b8b, 0x27bad, 0x27bc6, 0x27e8f, 0x28a6e,
0x28f3e, 0x28f49, 0x2923f, 0x29293, 0x29322, 0x2942b, 0x296fb, 0x2985a, 0x2986b, 0x2991e, 0x25207, 0x2622a,
0x26298, 0x26d59, 0x27664, 0x27aca, 0x27bc0, 0x27d76, 0x25360, 0x25cbe, 0x25e97, 0x26f38, 0x270b9, 0x27c98,
0x29711, 0x29b8e, 0x29ede, 0x263a5, 0x2647a, 0x28776, 0x24e01, 0x24e95, 0x24ead, 0x2505c, 0x25075, 0x25448,
0x259c3, 0x25b9a, 0x25e40, 0x25ead, 0x25ef7, 0x25f81, 0x260c5, 0x2633a, 0x2653f, 0x26574, 0x265cc, 0x26676,
0x26678, 0x267fe, 0x26968, 0x26a89, 0x26b63, 0x26c40, 0x26dc0, 0x26de8, 0x26e1f, 0x26e5e, 0x2701e, 0x270a1,
0x2738e, 0x273fd, 0x2753a, 0x2775b, 0x27887, 0x2798e, 0x27a0b, 0x27a7d, 0x27cbe, 0x27d8e, 0x28247, 0x28a02,
0x28aea, 0x28c9e, 0x2912d, 0x2914a, 0x291d8, 0x29266, 0x292cc, 0x29320, 0x29706, 0x29756, 0x2975c, 0x29802,
0x29f0e, 0x25236, 0x25291, 0x2557c, 0x25824, 0x25e1d, 0x25f1f, 0x2608c, 0x263d0, 0x268af, 0x26fdf, 0x2796d,
0x27b2c, 0x281cd, 0x285ba, 0x288fd, 0x28af8, 0x28e44, 0x2918d, 0x29664, 0x2969b, 0x2973d, 0x2984c, 0x29f4a,
0x24fce, 0x25146, 0x251cb, 0x252a9, 0x25632, 0x25f14, 0x25f6b, 0x263aa, 0x264cd, 0x265e9, 0x26641, 0x266fa,
0x266f9, 0x2671d, 0x2689d, 0x268d7, 0x269fd, 0x26f15, 0x26f6e, 0x27167, 0x271e5, 0x2722a, 0x274aa, 0x2773a,
0x27956, 0x2795a, 0x279df, 0x27a20, 0x27a95, 0x27c97, 0x27cdf, 0x27d44, 0x27e70, 0x28087, 0x285fb, 0x286a4,
0x28a54, 0x28abf, 0x28d99, 0x28e81, 0x29020, 0x2906d, 0x291e3, 0x2963b, 0x296d5, 0x29ce5, 0x265cf, 0x27c07,
0x28db3, 0x293c3, 0x25b58, 0x25c0a, 0x25352, 0x262d9, 0x2731d, 0x25027, 0x25b97, 0x25f9e, 0x260b0, 0x2616b,
0x268d5, 0x26dd9, 0x2742e, 0x27a2e, 0x27d42, 0x27d9c, 0x27e31, 0x2816b, 0x28e2a, 0x28e35, 0x2937e, 0x29418,
0x24f50, 0x25750, 0x25de6, 0x25ea7, 0x2632b, 0x27f6a, 0x24e3b, 0x24f4f, 0x24f8f, 0x2505a, 0x259dd, 0x280c4,
0x2546a, 0x25468, 0x255fe, 0x2594f, 0x25b99, 0x25dde, 0x25eda, 0x2665d, 0x26731, 0x267f1, 0x2682a, 0x26ce8,
0x26d32, 0x26e4a, 0x26f8d, 0x270b7, 0x273e0, 0x27587, 0x27c4c, 0x27d02, 0x27d2c, 0x27da2, 0x2821f, 0x286db,
0x28a3b, 0x28a85, 0x28d70, 0x28e8a, 0x28f33, 0x29031, 0x2914e, 0x29152, 0x29444, 0x299d0, 0x27af9, 0x27ca5,
0x24fca, 0x25101, 0x251c6, 0x257c8, 0x25bef, 0x25cfb, 0x26659, 0x26a3d, 0x26d5a, 0x26e96, 0x26fec, 0x2710c,
0x2756f, 0x27ae3, 0x28822, 0x29021, 0x29075, 0x296cb, 0x299ff, 0x28301, 0x24e2d, 0x24ef2, 0x28846, 0x291cd,
0x2537d, 0x26adb, 0x2696b, 0x26c41, 0x2847a, 0x2589e, 0x2618e, 0x266fe, 0x262ef, 0x270dd, 0x27511, 0x275c7,
0x27e52, 0x284b8, 0x28b49, 0x28d08, 0x24e4b, 0x253ea, 0x254ab, 0x25730, 0x25740, 0x25fd7, 0x26301, 0x26307,
0x2646f, 0x2652f, 0x265e8, 0x2667a, 0x2679d, 0x267b3, 0x26b62, 0x26c60, 0x26c9a, 0x26f2c, 0x277e5, 0x27825,
0x27949, 0x27957, 0x27d19, 0x280a2, 0x28102, 0x281f3, 0x2829d, 0x282b7, 0x28718, 0x28a8c, 0x2f9fc, 0x28d04,
0x28dbe, 0x29072, 0x276f4, 0x27a19, 0x27a37, 0x27e54, 0x28077, 0x25507, 0x255d4, 0x25875, 0x2632f, 0x26422,
0x26649, 0x2664b, 0x2686d, 0x2699b, 0x26b84, 0x26d25, 0x26eb1, 0x273cd, 0x27468, 0x274a1, 0x2755b, 0x275b9,
0x276e1, 0x2771e, 0x2778b, 0x279e6, 0x27e09, 0x27e1d, 0x281fb, 0x2852f, 0x28897, 0x28a3a, 0x28cd1, 0x28eeb,
0x28fb0, 0x29032, 0x293ad, 0x29663, 0x29673, 0x29707, 0x24f84, 0x253f1, 0x259ea, 0x25ac9, 0x25e19, 0x2684e,
0x274c6, 0x275be, 0x279e9, 0x27a92, 0x281a3, 0x286ed, 0x28cea, 0x28dcc, 0x28fed, 0x2659f, 0x26715, 0x2f9fd,
0x257f7, 0x26f57, 0x27ddd, 0x28f2f, 0x293f6, 0x296c6, 0x25fb5, 0x261f2, 0x26f84, 0x24e14, 0x24f98, 0x2501f,
0x253c9, 0x255df, 0x25d6f, 0x25dee, 0x26b21, 0x26b64, 0x278cb, 0x27b9a, 0x2f9fe, 0x28e49, 0x28eca, 0x2906e,
0x26349, 0x2643e, 0x27740, 0x27a84, 0x2932f, 0x2947f, 0x29f6a, 0x264b0, 0x26faf, 0x271e6, 0x274a8, 0x274da,
0x27ac4, 0x27c12, 0x27e82, 0x27cb2, 0x27e98, 0x28b9a, 0x28d0a, 0x2947d, 0x29910, 0x2994c, 0x25239, 0x25bdf,
0x264e6, 0x2672d, 0x27d2e, 0x250ed, 0x253c3, 0x25879, 0x26158, 0x26159, 0x261fa, 0x265ac, 0x27ad9, 0x28b92,
0x28b96, 0x25009, 0x25021, 0x25275, 0x25531, 0x25a3c, 0x25ee0, 0x25f70, 0x26134, 0x2655e, 0x2660c, 0x26636,
0x266a2, 0x269cd, 0x26ec4, 0x26f32, 0x27316, 0x27621, 0x27a93, 0x28139, 0x28259, 0x283d6, 0x284bc, 0x250b5,
0x257f0, 0x25bc0, 0x25be8, 0x25f69, 0x263a1, 0x27826, 0x27db5, 0x283dc, 0x28521, 0x291c7, 0x291f5, 0x2518a,
0x267f5, 0x27b56, 0x28cac, 0x251c4, 0x259bb, 0x260bd, 0x28655, 0x2501c, 0x2f9ff, 0x25254, 0x25c3a, 0x2617d,
0x2621a, 0x262d3, 0x264f2, 0x265a5, 0x26ecc, 0x27620, 0x2810a, 0x28e60, 0x2965f, 0x296bb, 0x24edf, 0x25343,
0x25598, 0x25929, 0x25ddd, 0x264c5, 0x26cc9, 0x26dfa, 0x27394, 0x27a7f, 0x2821b, 0x285a6, 0x28ce4, 0x28e10,
0x29077, 0x291e7, 0x295e1, 0x29621, 0x297c6, 0x251f8, 0x254f2, 0x25586, 0x25fb9, 0x264a4, 0x26f88, 0x27db4,
0x28f1f, 0x28f4d, 0x29435, 0x250c9, 0x25c16, 0x26cbe, 0x26dfb, 0x2751b, 0x277bb, 0x27c3d, 0x27c64, 0x28a79,
0x28ac2, 0x2581e, 0x259be, 0x25e16, 0x26377, 0x27252, 0x2758a, 0x2776b, 0x28adc, 0x28cbc, 0x28f12, 0x25ef3,
0x26674, 0x26df8, 0x2807d, 0x283c1, 0x28acb, 0x29751, 0x29bd6, 0x2fa00, 0x25243, 0x266ff, 0x26d95, 0x26eef,
0x27de0, 0x28ae6, 0x2902e, 0x2905e, 0x29ad4, 0x2521d, 0x2527f, 0x254e8, 0x26194, 0x26284, 0x262db, 0x268a2,
0x26912, 0x2695a, 0x26a35, 0x27092, 0x27126, 0x2785d, 0x27901, 0x2790e, 0x279d2, 0x27a0d, 0x28096, 0x28278,
0x282d5, 0x28349, 0x28549, 0x28c82, 0x28d85, 0x29162, 0x2918b, 0x291ae, 0x24fc3, 0x256d1, 0x271ed, 0x277d7,
0x28700, 0x289f8, 0x25bf8, 0x25fd6, 0x26751, 0x290a8, 0x253e2, 0x2585a, 0x25bf5, 0x260a4, 0x26181, 0x26460,
0x27e3d, 0x28070, 0x28525, 0x29283, 0x264ae, 0x250ac, 0x25d14, 0x26700, 0x2589c, 0x262bd, 0x263a8, 0x2690e,
0x26978, 0x26a1e, 0x26e6b, 0x276ba, 0x279cb, 0x282bb, 0x28429, 0x28acf, 0x28da8, 0x28ffd, 0x29112, 0x2914b,
0x2919c, 0x29310, 0x29318, 0x2939a, 0x296db, 0x29a36, 0x29c0d, 0x24e11, 0x2755c, 0x2795d, 0x27afa, 0x27b51,
0x27bc9, 0x27e2e, 0x284c4, 0x28e59, 0x28e74, 0x28ef8, 0x29010, 0x26625, 0x2693f, 0x27443, 0x251fa, 0x2672e,
0x29edc, 0x25145, 0x25fe0, 0x26c96, 0x287f2, 0x2885d, 0x28877, 0x260b4, 0x281b5, 0x28403, 0x28d05, 0x253d6,
0x25439, 0x25634, 0x25a36, 0x25c31, 0x2708a, 0x27fe0, 0x2805a, 0x28106, 0x281ed, 0x28da3, 0x29189, 0x29a5f,
0x29df2, 0x25074, 0x24ec4, 0x253a0, 0x260fb, 0x26e2c, 0x25c64, 0x24f88, 0x25024, 0x255e4, 0x25cd9, 0x25e5f,
0x26065, 0x26894, 0x26cbb, 0x26dc4, 0x271be, 0x275d4, 0x275f4, 0x27661, 0x27a1a, 0x27a49, 0x27dc7, 0x27dfb,
0x27f6e, 0x281f4, 0x286a9, 0x28f1c, 0x296c9, 0x299b3, 0x29f52, 0x25247, 0x252c5, 0x298ed, 0x289aa, 0x24e03,
0x267d2, 0x26f06, 0x24fb5, 0x25be2, 0x26795, 0x26c88, 0x26d78, 0x2741b, 0x27827, 0x291dd, 0x2937c, 0x287c4,
0x279e4, 0x27a31, 0x25feb, 0x24ed6, 0x254a4, 0x2553e, 0x258ae, 0x259a5, 0x260f0, 0x26253, 0x262d6, 0x26736,
0x26955, 0x28235, 0x29640, 0x299b1, 0x299dd, 0x2502c, 0x25353, 0x25544, 0x2577c, 0x2fa01, 0x26258, 0x2fa02,
0x264e2, 0x2666b, 0x267dd, 0x26fc1, 0x26fef, 0x27422, 0x27438, 0x28a17, 0x29438, 0x25451, 0x25606, 0x25766,
0x25f48, 0x2619a, 0x26b4e, 0x27058, 0x270ad, 0x27dbb, 0x28a95, 0x2596a, 0x2812b, 0x263a2, 0x27708, 0x2803d,
0x28caa, 0x25854, 0x2642d, 0x269bb, 0x25b95, 0x25e11, 0x26e6f, 0x2fa03, 0x28569, 0x2514c, 0x253f0, 0x2592a,
0x26020, 0x2614b, 0x26b86, 0x26c70, 0x26cf0, 0x27b1e, 0x280ce, 0x282d4, 0x28dc6, 0x290b0, 0x298b1, 0x2fa04,
0x264c7, 0x26fa4, 0x26491, 0x26504, 0x2514e, 0x25410, 0x2571f, 0x28a0e, 0x2615f, 0x26876, 0x2fa05, 0x275db,
0x27b52, 0x27d71, 0x2901a, 0x25806, 0x269cc, 0x2817f, 0x2892a, 0x29000, 0x29839, 0x25078, 0x25957, 0x259ac,
0x26295, 0x2900f, 0x29b2a, 0x2615d, 0x27279, 0x295d6, 0x25761, 0x25a46, 0x25df4, 0x2628a, 0x264ad, 0x264fa,
0x26777, 0x26ce2, 0x26d3e, 0x2722c, 0x27436, 0x27834, 0x27f77, 0x282ad, 0x28ddb, 0x29817, 0x25224, 0x25742,
0x2677f, 0x27248, 0x274e3, 0x28ca9, 0x28fa6, 0x29211, 0x2962a, 0x2516b, 0x253ed, 0x2634c, 0x24f69, 0x25504,
0x26096, 0x26557, 0x26c9b, 0x26d7f, 0x2724c, 0x272fd, 0x27a17, 0x28987, 0x28c9d, 0x25f6d, 0x26f8e, 0x270f9,
0x281a8, 0x2610e, 0x24fbf, 0x2504f, 0x26241, 0x27247, 0x27bc7, 0x27de8, 0x27fe9, 0x2904d, 0x297ad, 0x29a19,
0x28cb6, 0x2576a, 0x25e73, 0x267b0, 0x2840d, 0x28a55, 0x25420, 0x25b16, 0x25e63, 0x25ee2, 0x25f0a, 0x26583,
0x280ba, 0x2853d, 0x29589, 0x2965b, 0x24f48, 0x25305, 0x2530d, 0x2530f, 0x25486, 0x254fa, 0x25703, 0x25e03,
0x26016, 0x2629b, 0x262b1, 0x26355, 0x2fa06, 0x26ce1, 0x26d66, 0x275b1, 0x27832, 0x280de, 0x2812f, 0x282de,
0x28461, 0x284b2, 0x2888d, 0x28912, 0x2900b, 0x292ea, 0x298fd, 0x29b91, 0x25e45, 0x266b4, 0x266dd, 0x27011,
0x27206, 0x2fa07, 0x24ff5, 0x2527d, 0x25f6a, 0x26153, 0x26753, 0x26a19, 0x26f02, 0x274e2, 0x27968, 0x28868,
0x28c79, 0x298c7, 0x298c4, 0x29a43, 0x254c1, 0x27a1f, 0x26953, 0x28af7, 0x28c4a, 0x298a8, 0x299ae, 0x25f7c,
0x262ab, 0x275b2, 0x276ae, 0x288ab, 0x2907f, 0x29642, 0x25339, 0x25f3c, 0x25fc5, 0x26ccc, 0x273cc, 0x27562,
0x2758b, 0x27b46, 0x282fe, 0x2999d, 0x24e4f, 0x2903c, 0x24e0b, 0x24f55, 0x253a6, 0x2590f, 0x25ec8, 0x26630,
0x26cb3, 0x27455, 0x28377, 0x28766, 0x28cc0, 0x29050, 0x2971e, 0x29c15, 0x258d1, 0x25b78, 0x28650, 0x28b14,
0x29db4, 0x25bd2, 0x26068, 0x2608d, 0x265f1, 0x26c57, 0x26f22, 0x26fa3, 0x2701a, 0x27f55, 0x27ff0, 0x29591,
0x29592, 0x29650, 0x297d3, 0x25272, 0x28f44, 0x251fd, 0x2542b, 0x254b8, 0x25563, 0x2558a, 0x26abb, 0x26db5,
0x27dd8, 0x28266, 0x2929c, 0x29677, 0x29e79, 0x25408, 0x254c8, 0x276d2, 0x286e4, 0x295a4, 0x295d4, 0x2965c,
0x24ea2, 0x24f09, 0x259ee, 0x25ae6, 0x25df7, 0x26052, 0x26297, 0x2676d, 0x26841, 0x26c86, 0x26e2f, 0x27f38,
0x2809b, 0x2822a, 0x2fa08, 0x2fa09, 0x29805, 0x24ea5, 0x25055, 0x254b3, 0x25793, 0x2595a, 0x25b69, 0x25bb3,
0x261c8, 0x26977, 0x26d77, 0x27023, 0x287f9, 0x289e3, 0x28a72, 0x28ae7, 0x29082, 0x299ed, 0x29ab8, 0x252be,
0x26838, 0x25016, 0x25e78, 0x2674f, 0x28347, 0x2884c, 0x24eab, 0x25411, 0x256ae, 0x273e6, 0x29115, 0x297ff,
0x29909, 0x29957, 0x29999, 0x25653, 0x2589f, 0x2865b, 0x28a31, 0x261b2, 0x26af6, 0x2737b, 0x28ed2, 0x26b47,
0x296aa, 0x29a57, 0x25955, 0x27200, 0x28d6b, 0x29769, 0x24fd4, 0x25cf4, 0x25f26, 0x261f8, 0x2665b, 0x26ceb,
0x270ab, 0x27384, 0x273b9, 0x273fe, 0x27729, 0x2774d, 0x27d43, 0x27d62, 0x27e23, 0x28237, 0x28852, 0x2fa0a,
0x28ce2, 0x29249, 0x2986f, 0x25b51, 0x27a74, 0x28840, 0x29801, 0x25acc, 0x24fe0, 0x25354, 0x2593e, 0x25cfd,
0x2633e, 0x26d79, 0x272f9, 0x28105, 0x28107, 0x283a2, 0x292cf, 0x29830, 0x24ea8, 0x25144, 0x25211, 0x2578b,
0x25f62, 0x26cc2, 0x26ece, 0x27005, 0x27050, 0x270af, 0x27192, 0x273e9, 0x27469, 0x2834a, 0x287a2, 0x28861,
0x29008, 0x290a2, 0x293a3, 0x299a8, 0x2516e, 0x25f57, 0x260e0, 0x26167, 0x266b3, 0x28559, 0x28e4a, 0x291af,
0x2978b, 0x24e4e, 0x24e92, 0x2547c, 0x258d5, 0x258fa, 0x2597d, 0x25cb5, 0x25f27, 0x26236, 0x26248, 0x2660a,
0x26667, 0x26beb, 0x26d69, 0x26dcf, 0x26e56, 0x26ef8, 0x26f94, 0x26fe0, 0x26fe9, 0x2705d, 0x272d0, 0x27425,
0x2745a, 0x274e0, 0x27693, 0x2795c, 0x27cca, 0x27e1e, 0x280e1, 0x282a6, 0x2846b, 0x284bf, 0x2864e, 0x2865f,
0x28774, 0x28b77, 0x28c6a, 0x293ac, 0x29800, 0x29865, 0x260d1, 0x26216, 0x29177, 0x25a5a, 0x2660f, 0x26df7,
0x26e3e, 0x2743f, 0x29b42, 0x25ffd, 0x260da, 0x27b0f, 0x254c4, 0x25f18, 0x26c5e, 0x26cd3, 0x26d2a, 0x270d8,
0x27d05, 0x28679, 0x28a0c, 0x29d3b, 0x25316, 0x2548c, 0x25b05, 0x26a3a, 0x2706b, 0x27575, 0x2798d, 0x279be,
0x282b1, 0x283ef, 0x28a71, 0x28b41, 0x28ca8, 0x29774, 0x2fa0b, 0x264f4, 0x2652b, 0x278ba, 0x278bb, 0x27a6b,
0x24e38, 0x2559a, 0x25950, 0x25ba6, 0x25e7b, 0x260a3, 0x263db, 0x26b61, 0x26665, 0x26853, 0x26e19, 0x27165,
0x274b0, 0x27d08, 0x29084, 0x29a69, 0x29c25, 0x26d3b, 0x26ed1, 0x2733e, 0x28c41, 0x295ca, 0x251f0, 0x25e4c,
0x25fa8, 0x2604d, 0x260f6, 0x26130, 0x2614c, 0x26643, 0x26644, 0x269a5, 0x26cc1, 0x26e5f, 0x26ec9, 0x26f62,
0x2714c, 0x2749c, 0x27687, 0x27bc1, 0x27c27, 0x28352, 0x28757, 0x29051, 0x2968d, 0x29ec3, 0x2532f, 0x256de,
0x25efb, 0x25f8a, 0x26062, 0x26094, 0x261f7, 0x26666, 0x26703, 0x26a9c, 0x26dee, 0x26fae, 0x27070, 0x2736a,
0x27e6a, 0x281be, 0x28334, 0x286d4, 0x28aa8, 0x28cc4, 0x25283, 0x27372, 0x25b96, 0x26a6b, 0x29404, 0x254ee,
0x25686, 0x25b5d, 0x26548, 0x26585, 0x266c9, 0x2689f, 0x26d8d, 0x26dc6, 0x2723b, 0x280b4, 0x29175, 0x29a4d,
0x24faf, 0x25019, 0x2539a, 0x2540e, 0x2543c, 0x25589, 0x255c5, 0x25e3f, 0x25f8c, 0x2673d, 0x27166, 0x273dd,
0x29005, 0x252db, 0x252f3, 0x25864, 0x258ce, 0x27104, 0x2718f, 0x271fb, 0x285b0, 0x28a13, 0x26688, 0x285a8,
0x255a7, 0x26684, 0x2714a, 0x28431, 0x25349, 0x25599, 0x26bc1, 0x25f59, 0x25fbd, 0x263ee, 0x26689, 0x27147,
0x28af1, 0x28f1d, 0x29ebe, 0x24f11, 0x2643a, 0x270cb, 0x27566, 0x28667, 0x26064, 0x28b4e, 0x29df8, 0x25147,
0x251f6, 0x25308, 0x26d36, 0x280f8, 0x29ed1, 0x26615, 0x26b23, 0x27098, 0x275d5, 0x25403, 0x25c79, 0x27d07,
0x28a16, 0x26b20, 0x26b3d, 0x26b46, 0x25438, 0x26070, 0x26d3d, 0x27fd5, 0x28208, 0x250d6, 0x251de, 0x2559c,
0x2566b, 0x256cd, 0x259ec, 0x25b09, 0x25e0c, 0x26199, 0x26198, 0x26231, 0x2665e, 0x266e6, 0x27199, 0x271b9,
0x271ba, 0x272a7, 0x279a7, 0x27a00, 0x27fb2, 0x28a70, 0x4fffd, 0x4fffd, 0x4fffd, 0x4fffd, 0x4fffd, 0x4fffd,
0x4fffd, 0x4fffd, 0x4fffd, 0x4fffd, 0x4fffd, 0x4fffd, 0x4fffd, 0x4fffd, 0x4fffd, 0x4fffd, 0x4fffd, 0x4fffd,
0x4fffd, 0x4fffd, 0x4fffd, 0x4fffd, 0x4fffd, 0x4fffd, 0x4fffd, 0x4fffd, 0x4fffd, 0x4fffd, 0x4fffd, 0x4fffd,
0x4fffd, 0x4fffd, 0x4fffd, 0x4fffd, 0x4fffd, 0x4fffd, 0x4fffd, 0x4fffd, 0x4fffd, 0x4fffd, 0x4fffd, 0x4fffd,
0x4fffd, 0x4fffd, 0x4fffd, 0x4fffd, 0x4fffd, 0x4fffd, 0x4fffd, 0x4fffd, 0x4fffd, 0x4fffd, 0x4fffd, 0x4fffd,
0x4fffd, 0x4fffd, 0x4fffd, 0x4fffd, 0x4fffd, 0x4fffd, 0x4fffd, 0x4fffd, 0x4fffd, 0x4fffd, 0x4fffd, 0x4fffd,
0x4fffd, 0x4fffd, 0x4fffd, 0x4fffd, 0x4fffd, 0x4fffd, 0x4fffd, 0x4fffd, 0x4fffd, 0x4fffd, 0x4fffd, 0x4fffd,
0x4fffd, 0x4fffd, 0x4fffd, 0x4fffd, 0x4fffd, 0x4fffd, 0x4fffd, 0x4fffd, 0x4fffd, 0x4fffd, 0x4fffd, 0x4fffd,
0x4fffd, 0x4fffd, 0x4fffd, 0x4fffd,
};
constexpr unsigned char kEucKrInvalidPairLength[] = {
1, 1, 1, 1, 1, 1, 1, 1, 1, 1, 1, 1, 1, 1, 1, 1, 1, 1, 1, 1, 1, 1, 1, 1, 1, 1, 1, 1, 1, 1, 1, 1,
1, 1, 1, 1, 1, 1, 1, 1, 1, 1, 1, 1, 1, 1, 1, 1, 1, 1, 1, 1, 1, 1, 1, 1, 1, 1, 1, 1, 1, 1, 1, 1,
1, 1, 1, 1, 1, 1, 1, 1, 1, 1, 1, 1, 1, 1, 1, 1, 1, 1, 1, 1, 1, 1, 1, 1, 1, 1, 1, 1, 1, 1, 1, 1,
1, 1, 1, 1, 1, 1, 1, 1, 1, 1, 1, 1, 1, 1, 1, 1, 1, 1, 1, 1, 1, 1, 1, 1, 1, 1, 1, 1, 1, 1, 1, 1,
1, 1, 1, 1, 1, 1, 1, 1, 1, 1, 1, 1, 1, 1, 1, 1, 1, 1, 1, 1, 1, 1, 1, 1, 1, 1, 1, 1, 1, 1, 1, 1,
1, 2, 2, 2, 2, 2, 2, 2, 2, 2, 2, 2, 2, 1, 1, 1, 2, 2, 2, 2, 2, 2, 2, 2, 2, 2, 2, 2, 2, 2, 2, 2,
2, 2, 2, 2, 2, 2, 2, 2, 2, 1, 2, 2, 2, 2, 2, 2, 2, 2, 2, 2, 2, 2, 2, 2, 2, 2, 2, 2, 2, 2, 2, 2,
2, 2, 2, 2, 2, 2, 2, 2, 2, 2, 2, 2, 2, 2, 2, 2, 2, 2, 2, 2, 2, 2, 2, 2, 2, 2, 2, 2, 2, 2, 1, 1,
};
constexpr uint32_t kMs932Pairs[] = {
0x23000, 0x23001, 0x23002, 0x2ff0c, 0x2ff0e, 0x230fb, 0x2ff1a, 0x2ff1b, 0x2ff1f, 0x2ff01, 0x2309b, 0x2309c,
0x200b4, 0x2ff40, 0x200a8, 0x2ff3e, 0x2ffe3, 0x2ff3f, 0x230fd, 0x230fe, 0x2309d, 0x2309e, 0x23003, 0x24edd,
0x23005, 0x23006, 0x23007, 0x230fc, 0x22015, 0x22010, 0x2ff0f, 0x2ff3c, 0x2ff5e, 0x22225, 0x2ff5c, 0x22026,
0x22025, 0x22018, 0x22019, 0x2201c, 0x2201d, 0x2ff08, 0x2ff09, 0x23014, 0x23015, 0x2ff3b, 0x2ff3d, 0x2ff5b,
0x2ff5d, 0x23008, 0x23009, 0x2300a, 0x2300b, 0x2300c, 0x2300d, 0x2300e, 0x2300f, 0x23010, 0x23011, 0x2ff0b,
0x2ff0d, 0x200b1, 0x200d7, 0x4fffd, 0x200f7, 0x2ff1d, 0x22260, 0x2ff1c, 0x2ff1e, 0x22266, 0x22267, 0x2221e,
0x22234, 0x22642, 0x22640, 0x200b0, 0x22032, 0x22033, 0x22103, 0x2ffe5, 0x2ff04, 0x2ffe0, 0x2ffe1, 0x2ff05,
0x2ff03, 0x2ff06, 0x2ff0a, 0x2ff20, 0x200a7, 0x22606, 0x22605, 0x225cb, 0x225cf, 0x225ce, 0x225c7, 0x225c6,
0x225a1, 0x225a0, 0x225b3, 0x225b2, 0x225bd, 0x225bc, 0x2203b, 0x23012, 0x22192, 0x22190, 0x22191, 0x22193,
0x23013, 0x4fffd, 0x4fffd, 0x4fffd, 0x4fffd, 0x4fffd, 0x4fffd, 0x4fffd, 0x4fffd, 0x4fffd, 0x4fffd, 0x4fffd,
0x22208, 0x2220b, 0x22286, 0x22287, 0x22282, 0x22283, 0x2222a, 0x22229, 0x4fffd, 0x4fffd, 0x4fffd, 0x4fffd,
0x4fffd, 0x4fffd, 0x4fffd, 0x4fffd, 0x22227, 0x22228, 0x2ffe2, 0x221d2, 0x221d4, 0x22200, 0x22203, 0x4fffd,
0x4fffd, 0x4fffd, 0x4fffd, 0x4fffd, 0x4fffd, 0x4fffd, 0x4fffd, 0x4fffd, 0x4fffd, 0x4fffd, 0x22220, 0x222a5,
0x22312, 0x22202, 0x22207, 0x22261, 0x22252, 0x2226a, 0x2226b, 0x2221a, 0x2223d, 0x2221d, 0x22235, 0x2222b,
0x2222c, 0x4fffd, 0x4fffd, 0x0fffd, 0x0fffd, 0x4fffd, 0x4fffd, 0x0fffd, 0x2212b, 0x22030, 0x2266f, 0x2266d,
0x2266a, 0x22020, 0x22021, 0x200b6, 0x4fffd, 0x4fffd, 0x4fffd, 0x4fffd, 0x225ef, 0x4fffd, 0x4fffd, 0x4fffd,
0x4fffd, 0x4fffd, 0x4fffd, 0x4fffd, 0x4fffd, 0x4fffd, 0x4fffd, 0x4fffd, 0x4fffd, 0x4fffd, 0x4fffd, 0x4fffd,
0x2ff10, 0x2ff11, 0x2ff12, 0x2ff13, 0x2ff14, 0x2ff15, 0x2ff16, 0x2ff17, 0x2ff18, 0x2ff19, 0x4fffd, 0x4fffd,
0x4fffd, 0x4fffd, 0x4fffd, 0x4fffd, 0x4fffd, 0x2ff21, 0x2ff22, 0x2ff23, 0x2ff24, 0x2ff25, 0x2ff26, 0x2ff27,
0x2ff28, 0x2ff29, 0x2ff2a, 0x2ff2b, 0x2ff2c, 0x2ff2d, 0x2ff2e, 0x2ff2f, 0x2ff30, 0x2ff31, 0x2ff32, 0x2ff33,
0x2ff34, 0x2ff35, 0x2ff36, 0x2ff37, 0x2ff38, 0x2ff39, 0x2ff3a, 0x4fffd, 0x4fffd, 0x4fffd, 0x4fffd, 0x4fffd,
0x4fffd, 0x0fffd, 0x2ff41, 0x2ff42, 0x2ff43, 0x2ff44, 0x2ff45, 0x2ff46, 0x2ff47, 0x2ff48, 0x2ff49, 0x2ff4a,
0x2ff4b, 0x2ff4c, 0x2ff4d, 0x2ff4e, 0x2ff4f, 0x2ff50, 0x2ff51, 0x2ff52, 0x2ff53, 0x2ff54, 0x2ff55, 0x2ff56,
0x2ff57, 0x2ff58, 0x2ff59, 0x2ff5a, 0x4fffd, 0x4fffd, 0x4fffd, 0x4fffd, 0x23041, 0x23042, 0x23043, 0x23044,
0x23045, 0x23046, 0x23047, 0x23048, 0x23049, 0x2304a, 0x2304b, 0x2304c, 0x2304d, 0x2304e, 0x2304f, 0x23050,
0x23051, 0x23052, 0x23053, 0x23054, 0x23055, 0x23056, 0x23057, 0x23058, 0x23059, 0x2305a, 0x2305b, 0x2305c,
0x2305d, 0x2305e, 0x2305f, 0x23060, 0x23061, 0x23062, 0x23063, 0x23064, 0x23065, 0x23066, 0x23067, 0x23068,
0x23069, 0x2306a, 0x2306b, 0x2306c, 0x2306d, 0x2306e, 0x2306f, 0x23070, 0x23071, 0x23072, 0x23073, 0x23074,
0x23075, 0x23076, 0x23077, 0x23078, 0x23079, 0x2307a, 0x2307b, 0x2307c, 0x2307d, 0x2307e, 0x2307f, 0x23080,
0x23081, 0x23082, 0x23083, 0x23084, 0x23085, 0x23086, 0x23087, 0x23088, 0x23089, 0x2308a, 0x2308b, 0x2308c,
0x2308d, 0x2308e, 0x2308f, 0x23090, 0x23091, 0x23092, 0x23093, 0x4fffd, 0x4fffd, 0x4fffd, 0x4fffd, 0x4fffd,
0x4fffd, 0x4fffd, 0x4fffd, 0x4fffd, 0x4fffd, 0x4fffd, 0x230a1, 0x230a2, 0x230a3, 0x230a4, 0x230a5, 0x230a6,
0x230a7, 0x230a8, 0x230a9, 0x230aa, 0x230ab, 0x230ac, 0x230ad, 0x230ae, 0x230af, 0x230b0, 0x230b1, 0x230b2,
0x230b3, 0x230b4, 0x230b5, 0x230b6, 0x230b7, 0x230b8, 0x230b9, 0x230ba, 0x230bb, 0x230bc, 0x230bd, 0x230be,
0x230bf, 0x230c0, 0x230c1, 0x230c2, 0x230c3, 0x230c4, 0x230c5, 0x230c6, 0x230c7, 0x230c8, 0x230c9, 0x230ca,
0x230cb, 0x230cc, 0x230cd, 0x230ce, 0x230cf, 0x230d0, 0x230d1, 0x230d2, 0x230d3, 0x230d4, 0x230d5, 0x230d6,
0x230d7, 0x230d8, 0x230d9, 0x230da, 0x230db, 0x230dc, 0x230dd, 0x230de, 0x230df, 0x4fffd, 0x230e0, 0x230e1,
0x230e2, 0x230e3, 0x230e4, 0x230e5, 0x230e6, 0x230e7, 0x230e8, 0x230e9, 0x230ea, 0x230eb, 0x230ec, 0x230ed,
0x230ee, 0x230ef, 0x230f0, 0x230f1, 0x230f2, 0x230f3, 0x230f4, 0x230f5, 0x230f6, 0x4fffd, 0x4fffd, 0x4fffd,
0x4fffd, 0x4fffd, 0x4fffd, 0x4fffd, 0x4fffd, 0x20391, 0x20392, 0x20393, 0x20394, 0x20395, 0x20396, 0x20397,
0x20398, 0x20399, 0x2039a, 0x2039b, 0x2039c, 0x2039d, 0x2039e, 0x2039f, 0x203a0, 0x203a1, 0x203a3, 0x203a4,
0x203a5, 0x203a6, 0x203a7, 0x203a8, 0x203a9, 0x4fffd, 0x4fffd, 0x4fffd, 0x4fffd, 0x4fffd, 0x4fffd, 0x4fffd,
0x4fffd, 0x203b1, 0x203b2, 0x203b3, 0x203b4, 0x203b5, 0x203b6, 0x203b7, 0x203b8, 0x203b9, 0x203ba, 0x203bb,
0x203bc, 0x203bd, 0x203be, 0x203bf, 0x203c0, 0x203c1, 0x203c3, 0x203c4, 0x203c5, 0x203c6, 0x203c7, 0x203c8,
0x203c9, 0x4fffd, 0x4fffd, 0x4fffd, 0x4fffd, 0x4fffd, 0x4fffd, 0x4fffd, 0x4fffd, 0x4fffd, 0x4fffd, 0x4fffd,
0x4fffd, 0x4fffd, 0x4fffd, 0x4fffd, 0x4fffd, 0x4fffd, 0x4fffd, 0x4fffd, 0x4fffd, 0x0fffd, 0x0fffd, 0x4fffd,
0x4fffd, 0x0fffd, 0x4fffd, 0x4fffd, 0x4fffd, 0x4fffd, 0x4fffd, 0x4fffd, 0x4fffd, 0x4fffd, 0x4fffd, 0x4fffd,
0x4fffd, 0x4fffd, 0x4fffd, 0x20410, 0x20411, 0x20412, 0x20413, 0x20414, 0x20415, 0x20401, 0x20416, 0x20417,
0x20418, 0x20419, 0x2041a, 0x2041b, 0x2041c, 0x2041d, 0x2041e, 0x2041f, 0x20420, 0x20421, 0x20422, 0x20423,
0x20424, 0x20425, 0x20426, 0x20427, 0x20428, 0x20429, 0x2042a, 0x2042b, 0x2042c, 0x2042d, 0x2042e, 0x2042f,
0x4fffd, 0x4fffd, 0x4fffd, 0x4fffd, 0x4fffd, 0x4fffd, 0x4fffd, 0x4fffd, 0x4fffd, 0x4fffd, 0x4fffd, 0x4fffd,
0x4fffd, 0x4fffd, 0x4fffd, 0x20430, 0x20431, 0x20432, 0x20433, 0x20434, 0x20435, 0x20451, 0x20436, 0x20437,
0x20438, 0x20439, 0x2043a, 0x2043b, 0x2043c, 0x2043d, 0x4fffd, 0x2043e, 0x2043f, 0x20440, 0x20441, 0x20442,
0x20443, 0x20444, 0x20445, 0x20446, 0x20447, 0x20448, 0x20449, 0x2044a, 0x2044b, 0x2044c, 0x2044d, 0x2044e,
0x2044f, 0x4fffd, 0x4fffd, 0x4fffd, 0x4fffd, 0x4fffd, 0x4fffd, 0x4fffd, 0x4fffd, 0x4fffd, 0x4fffd, 0x4fffd,
0x4fffd, 0x4fffd, 0x22500, 0x22502, 0x2250c, 0x22510, 0x22518, 0x22514, 0x2251c, 0x2252c, 0x22524, 0x22534,
0x2253c, 0x22501, 0x22503, 0x2250f, 0x22513, 0x2251b, 0x22517, 0x22523, 0x22533, 0x2252b, 0x2253b, 0x2254b,
0x22520, 0x2252f, 0x22528, 0x22537, 0x2253f, 0x2251d, 0x22530, 0x22525, 0x22538, 0x22542, 0x4fffd, 0x4fffd,
0x4fffd, 0x4fffd, 0x4fffd, 0x4fffd, 0x4fffd, 0x4fffd, 0x4fffd, 0x4fffd, 0x4fffd, 0x4fffd, 0x4fffd, 0x4fffd,
0x4fffd, 0x4fffd, 0x4fffd, 0x4fffd, 0x4fffd, 0x4fffd, 0x4fffd, 0x4fffd, 0x4fffd, 0x4fffd, 0x4fffd, 0x4fffd,
0x4fffd, 0x4fffd, 0x4fffd, 0x4fffd, 0x4fffd, 0x4fffd, 0x4fffd, 0x4fffd, 0x4fffd, 0x4fffd, 0x4fffd, 0x4fffd,
0x4fffd, 0x4fffd, 0x4fffd, 0x4fffd, 0x4fffd, 0x4fffd, 0x0fffd, 0x0fffd, 0x4fffd, 0x4fffd, 0x0fffd, 0x4fffd,
0x4fffd, 0x4fffd, 0x4fffd, 0x4fffd, 0x4fffd, 0x4fffd, 0x4fffd, 0x4fffd, 0x4fffd, 0x4fffd, 0x4fffd, 0x4fffd,
0x4fffd, 0x4fffd, 0x4fffd, 0x4fffd, 0x4fffd, 0x4fffd, 0x4fffd, 0x4fffd, 0x4fffd, 0x4fffd, 0x4fffd, 0x4fffd,
0x4fffd, 0x4fffd, 0x4fffd, 0x4fffd, 0x4fffd, 0x4fffd, 0x4fffd, 0x4fffd, 0x4fffd, 0x4fffd, 0x4fffd, 0x4fffd,
0x4fffd, 0x4fffd, 0x4fffd, 0x4fffd, 0x4fffd, 0x4fffd, 0x4fffd, 0x4fffd, 0x4fffd, 0x4fffd, 0x4fffd, 0x4fffd,
0x4fffd, 0x4fffd, 0x4fffd, 0x4fffd, 0x4fffd, 0x4fffd, 0x4fffd, 0x4fffd, 0x4fffd, 0x4fffd, 0x4fffd, 0x4fffd,
0x4fffd, 0x4fffd, 0x4fffd, 0x4fffd, 0x4fffd, 0x4fffd, 0x4fffd, 0x4fffd, 0x4fffd, 0x4fffd, 0x4fffd, 0x4fffd,
0x4fffd, 0x4fffd, 0x4fffd, 0x4fffd, 0x4fffd, 0x4fffd, 0x4fffd, 0x4fffd, 0x4fffd, 0x4fffd, 0x4fffd, 0x4fffd,
0x4fffd, 0x4fffd, 0x4fffd, 0x4fffd, 0x4fffd, 0x4fffd, 0x4fffd, 0x4fffd, 0x4fffd, 0x4fffd, 0x4fffd, 0x4fffd,
0x4fffd, 0x4fffd, 0x4fffd, 0x4fffd, 0x4fffd, 0x4fffd, 0x4fffd, 0x4fffd, 0x4fffd, 0x4fffd, 0x4fffd, 0x4fffd,
0x4fffd, 0x4fffd, 0x4fffd, 0x4fffd, 0x4fffd, 0x4fffd, 0x4fffd, 0x4fffd, 0x4fffd, 0x4fffd, 0x4fffd, 0x4fffd,
0x4fffd, 0x4fffd, 0x4fffd, 0x4fffd, 0x4fffd, 0x4fffd, 0x4fffd, 0x4fffd, 0x4fffd, 0x4fffd, 0x4fffd, 0x4fffd,
0x4fffd, 0x4fffd, 0x4fffd, 0x4fffd, 0x4fffd, 0x4fffd, 0x4fffd, 0x4fffd, 0x4fffd, 0x4fffd, 0x4fffd, 0x4fffd,
0x4fffd, 0x4fffd, 0x4fffd, 0x4fffd, 0x4fffd, 0x4fffd, 0x4fffd, 0x4fffd, 0x4fffd, 0x4fffd, 0x4fffd, 0x4fffd,
0x4fffd, 0x4fffd, 0x4fffd, 0x4fffd, 0x4fffd, 0x4fffd, 0x4fffd, 0x4fffd, 0x4fffd, 0x4fffd, 0x4fffd, 0x4fffd,
0x4fffd, 0x4fffd, 0x4fffd, 0x4fffd, 0x4fffd, 0x4fffd, 0x4fffd, 0x4fffd, 0x4fffd, 0x4fffd, 0x4fffd, 0x4fffd,
0x4fffd, 0x4fffd, 0x4fffd, 0x4fffd, 0x4fffd, 0x4fffd, 0x4fffd, 0x4fffd, 0x4fffd, 0x4fffd, 0x4fffd, 0x4fffd,
0x4fffd, 0x4fffd, 0x4fffd, 0x4fffd, 0x4fffd, 0x4fffd, 0x4fffd, 0x4fffd, 0x4fffd, 0x4fffd, 0x4fffd, 0x4fffd,
0x4fffd, 0x4fffd, 0x4fffd, 0x4fffd, 0x4fffd, 0x4fffd, 0x4fffd, 0x4fffd, 0x4fffd, 0x4fffd, 0x4fffd, 0x4fffd,
0x4fffd, 0x4fffd, 0x4fffd, 0x4fffd, 0x4fffd, 0x4fffd, 0x4fffd, 0x4fffd, 0x4fffd, 0x4fffd, 0x4fffd, 0x4fffd,
0x4fffd, 0x4fffd, 0x4fffd, 0x4fffd, 0x4fffd, 0x4fffd, 0x4fffd, 0x4fffd, 0x4fffd, 0x4fffd, 0x4fffd, 0x4fffd,
0x4fffd, 0x4fffd, 0x4fffd, 0x4fffd, 0x4fffd, 0x4fffd, 0x4fffd, 0x4fffd, 0x4fffd, 0x4fffd, 0x4fffd, 0x4fffd,
0x4fffd, 0x4fffd, 0x4fffd, 0x4fffd, 0x4fffd, 0x4fffd, 0x4fffd, 0x4fffd, 0x4fffd, 0x4fffd, 0x4fffd, 0x4fffd,
0x4fffd, 0x4fffd, 0x4fffd, 0x4fffd, 0x4fffd, 0x4fffd, 0x4fffd, 0x4fffd, 0x4fffd, 0x4fffd, 0x4fffd, 0x4fffd,
0x4fffd, 0x4fffd, 0x4fffd, 0x4fffd, 0x4fffd, 0x4fffd, 0x4fffd, 0x4fffd, 0x4fffd, 0x4fffd, 0x4fffd, 0x4fffd,
0x4fffd, 0x4fffd, 0x4fffd, 0x4fffd, 0x4fffd, 0x4fffd, 0x4fffd, 0x4fffd, 0x4fffd, 0x4fffd, 0x4fffd, 0x4fffd,
0x4fffd, 0x4fffd, 0x4fffd, 0x4fffd, 0x4fffd, 0x4fffd, 0x4fffd, 0x4fffd, 0x4fffd, 0x4fffd, 0x4fffd, 0x4fffd,
0x4fffd, 0x4fffd, 0x4fffd, 0x4fffd, 0x4fffd, 0x4fffd, 0x4fffd, 0x4fffd, 0x4fffd, 0x4fffd, 0x4fffd, 0x4fffd,
0x4fffd, 0x4fffd, 0x4fffd, 0x4fffd, 0x4fffd, 0x4fffd, 0x4fffd, 0x4fffd, 0x4fffd, 0x4fffd, 0x4fffd, 0x4fffd,
0x4fffd, 0x4fffd, 0x4fffd, 0x4fffd, 0x4fffd, 0x4fffd, 0x4fffd, 0x4fffd, 0x4fffd, 0x4fffd, 0x4fffd, 0x4fffd,
0x4fffd, 0x4fffd, 0x4fffd, 0x4fffd, 0x4fffd, 0x4fffd, 0x4fffd, 0x4fffd, 0x4fffd, 0x4fffd, 0x4fffd, 0x4fffd,
0x4fffd, 0x4fffd, 0x4fffd, 0x4fffd, 0x4fffd, 0x4fffd, 0x4fffd, 0x4fffd, 0x4fffd, 0x4fffd, 0x4fffd, 0x4fffd,
0x4fffd, 0x4fffd, 0x4fffd, 0x4fffd, 0x4fffd, 0x4fffd, 0x4fffd, 0x4fffd, 0x4fffd, 0x4fffd, 0x4fffd, 0x4fffd,
0x4fffd, 0x4fffd, 0x4fffd, 0x4fffd, 0x4fffd, 0x4fffd, 0x22460, 0x22461, 0x22462, 0x22463, 0x22464, 0x22465,
0x22466, 0x22467, 0x22468, 0x22469, 0x2246a, 0x2246b, 0x2246c, 0x2246d, 0x2246e, 0x2246f, 0x22470, 0x22471,
0x22472, 0x22473, 0x22160, 0x22161, 0x22162, 0x22163, 0x22164, 0x22165, 0x22166, 0x22167, 0x22168, 0x22169,
0x4fffd, 0x23349, 0x23314, 0x23322, 0x2334d, 0x23318, 0x23327, 0x23303, 0x23336, 0x23351, 0x23357, 0x2330d,
0x23326, 0x23323, 0x2332b, 0x2334a, 0x2333b, 0x2339c, 0x2339d, 0x2339e, 0x2338e, 0x2338f, 0x233c4, 0x233a1,
0x4fffd, 0x4fffd, 0x4fffd, 0x4fffd, 0x4fffd, 0x4fffd, 0x4fffd, 0x4fffd, 0x2337b, 0x4fffd, 0x2301d, 0x2301f,
0x22116, 0x233cd, 0x22121, 0x232a4, 0x232a5, 0x232a6, 0x232a7, 0x232a8, 0x23231, 0x23232, 0x23239, 0x2337e,
0x2337d, 0x2337c, 0x02252, 0x02261, 0x0222b, 0x2222e, 0x22211, 0x0221a, 0x022a5, 0x02220, 0x2221f, 0x222bf,
0x02235, 0x02229, 0x0222a, 0x4fffd, 0x4fffd, 0x4fffd, 0x0fffd, 0x4fffd, 0x4fffd, 0x4fffd, 0x4fffd, 0x4fffd,
0x4fffd, 0x4fffd, 0x4fffd, 0x4fffd, 0x4fffd, 0x4fffd, 0x4fffd, 0x4fffd, 0x4fffd, 0x4fffd, 0x4fffd, 0x4fffd,
0x4fffd, 0x4fffd, 0x4fffd, 0x4fffd, 0x4fffd, 0x4fffd, 0x4fffd, 0x4fffd, 0x4fffd, 0x4fffd, 0x4fffd, 0x4fffd,
0x4fffd, 0x4fffd, 0x4fffd, 0x4fffd, 0x4fffd, 0x4fffd, 0x4fffd, 0x4fffd, 0x4fffd, 0x4fffd, 0x4fffd, 0x4fffd,
0x4fffd, 0x4fffd, 0x4fffd, 0x4fffd, 0x4fffd, 0x4fffd, 0x4fffd, 0x4fffd, 0x4fffd, 0x4fffd, 0x4fffd, 0x4fffd,
0x4fffd, 0x4fffd, 0x4fffd, 0x4fffd, 0x4fffd, 0x4fffd, 0x4fffd, 0x4fffd, 0x4fffd, 0x4fffd, 0x4fffd, 0x4fffd,
0x4fffd, 0x4fffd, 0x4fffd, 0x4fffd, 0x4fffd, 0x4fffd, 0x4fffd, 0x4fffd, 0x4fffd, 0x0fffd, 0x0fffd, 0x4fffd,
0x4fffd, 0x0fffd, 0x4fffd, 0x4fffd, 0x4fffd, 0x4fffd, 0x4fffd, 0x4fffd, 0x4fffd, 0x4fffd, 0x4fffd, 0x4fffd,
0x4fffd, 0x4fffd, 0x4fffd, 0x4fffd, 0x4fffd, 0x4fffd, 0x4fffd, 0x4fffd, 0x4fffd, 0x4fffd, 0x4fffd, 0x4fffd,
0x4fffd, 0x4fffd, 0x4fffd, 0x4fffd, 0x4fffd, 0x4fffd, 0x4fffd, 0x4fffd, 0x4fffd, 0x4fffd, 0x4fffd, 0x4fffd,
0x4fffd, 0x4fffd, 0x4fffd, 0x4fffd, 0x4fffd, 0x4fffd, 0x4fffd, 0x4fffd, 0x4fffd, 0x4fffd, 0x4fffd, 0x4fffd,
0x4fffd, 0x4fffd, 0x4fffd, 0x4fffd, 0x4fffd, 0x4fffd, 0x4fffd, 0x4fffd, 0x4fffd, 0x4fffd, 0x4fffd, 0x4fffd,
0x4fffd, 0x4fffd, 0x4fffd, 0x4fffd, 0x4fffd, 0x4fffd, 0x4fffd, 0x4fffd, 0x4fffd, 0x4fffd, 0x4fffd, 0x4fffd,
0x4fffd, 0x4fffd, 0x4fffd, 0x4fffd, 0x4fffd, 0x4fffd, 0x4fffd, 0x0fffd, 0x4fffd, 0x4fffd, 0x4fffd, 0x4fffd,
0x0fffd, 0x0fffd, 0x4fffd, 0x4fffd, 0x4fffd, 0x4fffd, 0x4fffd, 0x4fffd, 0x4fffd, 0x4fffd, 0x4fffd, 0x4fffd,
0x4fffd, 0x4fffd, 0x4fffd, 0x4fffd, 0x4fffd, 0x4fffd, 0x4fffd, 0x4fffd, 0x4fffd, 0x4fffd, 0x4fffd, 0x4fffd,
0x4fffd, 0x4fffd, 0x24e9c, 0x25516, 0x25a03, 0x2963f, 0x254c0, 0x2611b, 0x26328, 0x259f6, 0x29022, 0x28475,
0x2831c, 0x27a50, 0x260aa, 0x263e1, 0x26e25, 0x265ed, 0x28466, 0x282a6, 0x29bf5, 0x26893, 0x25727, 0x265a1,
0x26271, 0x25b9b, 0x259d0, 0x2867b, 0x298f4, 0x27d62, 0x27dbe, 0x29b8e, 0x26216, 0x27c9f, 0x288b7, 0x25b89,
0x25eb5, 0x26309, 0x26697, 0x26848, 0x295c7, 0x2978d, 0x2674f, 0x24ee5, 0x24f0a, 0x24f4d, 0x24f9d, 0x25049,
0x256f2, 0x25937, 0x259d4, 0x25a01, 0x25c09, 0x260df, 0x2610f, 0x26170, 0x26613, 0x26905, 0x270ba, 0x2754f,
0x27570, 0x279fb, 0x27dad, 0x27def, 0x280c3, 0x2840e, 0x28863, 0x28b02, 0x29055, 0x2907a, 0x2533b, 0x24e95,
0x24ea5, 0x257df, 0x280b2, 0x290c1, 0x278ef, 0x24e00, 0x258f1, 0x26ea2, 0x29038, 0x27a32, 0x28328, 0x2828b,
0x29c2f, 0x25141, 0x25370, 0x254bd, 0x254e1, 0x256e0, 0x259fb, 0x25f15, 0x298f2, 0x26deb, 0x280e4, 0x2852d,
0x29662, 0x29670, 0x296a0, 0x297fb, 0x2540b, 0x253f3, 0x25b87, 0x270cf, 0x27fbd, 0x28fc2, 0x296e8, 0x2536f,
0x29d5c, 0x27aba, 0x24e11, 0x27893, 0x281fc, 0x26e26, 0x25618, 0x25504, 0x26b1d, 0x2851a, 0x29c3b, 0x259e5,
0x253a9, 0x26d66, 0x274dc, 0x2958f, 0x25642, 0x24e91, 0x2904b, 0x296f2, 0x2834f, 0x2990c, 0x253e1, 0x255b6,
0x25b30, 0x25f71, 0x26620, 0x266f3, 0x26804, 0x26c38, 0x26cf3, 0x26d29, 0x2745b, 0x276c8, 0x27a4e, 0x29834,
0x282f1, 0x2885b, 0x28a60, 0x292ed, 0x26db2, 0x275ab, 0x276ca, 0x299c5, 0x260a6, 0x28b01, 0x28d8a, 0x295b2,
0x2698e, 0x253ad, 0x25186, 0x4fffd, 0x25712, 0x25830, 0x25944, 0x25bb4, 0x25ef6, 0x26028, 0x263a9, 0x263f4,
0x26cbf, 0x26f14, 0x2708e, 0x27114, 0x27159, 0x271d5, 0x2733f, 0x27e01, 0x28276, 0x282d1, 0x28597, 0x29060,
0x2925b, 0x29d1b, 0x25869, 0x265bc, 0x26c5a, 0x27525, 0x251f9, 0x2592e, 0x25965, 0x25f80, 0x25fdc, 0x262bc,
0x265fa, 0x26a2a, 0x26b27, 0x26bb4, 0x2738b, 0x27fc1, 0x28956, 0x29d2c, 0x29d0e, 0x29ec4, 0x25ca1, 0x26c96,
0x2837b, 0x25104, 0x25c4b, 0x261b6, 0x281c6, 0x26876, 0x27261, 0x24e59, 0x24ffa, 0x25378, 0x26069, 0x26e29,
0x27a4f, 0x297f3, 0x24e0b, 0x25316, 0x24eee, 0x24f55, 0x24f3d, 0x24fa1, 0x24f73, 0x252a0, 0x253ef, 0x25609,
0x2590f, 0x25ac1, 0x25bb6, 0x25be1, 0x279d1, 0x26687, 0x2679c, 0x267b6, 0x26b4c, 0x26cb3, 0x2706b, 0x273c2,
0x2798d, 0x279be, 0x27a3c, 0x27b87, 0x282b1, 0x282db, 0x28304, 0x28377, 0x283ef, 0x283d3, 0x28766, 0x28ab2,
0x25629, 0x28ca8, 0x28fe6, 0x2904e, 0x2971e, 0x2868a, 0x24fc4, 0x25ce8, 0x26211, 0x27259, 0x2753b, 0x281e5,
0x282bd, 0x286fe, 0x28cc0, 0x296c5, 0x29913, 0x299d5, 0x24ecb, 0x24f1a, 0x289e3, 0x256de, 0x2584a, 0x258ca,
0x25efb, 0x25feb, 0x2602a, 0x26094, 0x26062, 0x261d0, 0x26212, 0x262d0, 0x26539, 0x29b41, 0x26666, 0x268b0,
0x26d77, 0x27070, 0x2754c, 0x27686, 0x27d75, 0x282a5, 0x287f9, 0x2958b, 0x2968e, 0x28c9d, 0x251f1, 0x252be,
0x25916, 0x254b3, 0x25bb3, 0x25d16, 0x26168, 0x26982, 0x26daf, 0x2788d, 0x284cb, 0x28857, 0x28a72, 0x293a7,
0x29ab8, 0x26d6c, 0x299a8, 0x286d9, 0x257a3, 0x267ff, 0x286ce, 0x2920e, 0x25283, 0x25687, 0x25404, 0x25ed3,
0x262e1, 0x264b9, 0x2683c, 0x26838, 0x26bbb, 0x27372, 0x278ba, 0x27a6b, 0x2899a, 0x289d2, 0x28d6b, 0x28f03,
0x290ed, 0x295a3, 0x29694, 0x29769, 0x25b66, 0x25cb3, 0x2697d, 0x2984d, 0x2984e, 0x2639b, 0x27b20, 0x26a2b,
0x4fffd, 0x26a7f, 0x268b6, 0x29c0d, 0x26f5f, 0x25272, 0x2559d, 0x26070, 0x262ec, 0x26d3b, 0x26e07, 0x26ed1,
0x2845b, 0x28910, 0x28f44, 0x24e14, 0x29c39, 0x253f6, 0x2691b, 0x26a3a, 0x29784, 0x2682a, 0x2515c, 0x27ac3,
0x284b2, 0x291dc, 0x2938c, 0x2565b, 0x29d28, 0x26822, 0x28305, 0x28431, 0x27ca5, 0x25208, 0x282c5, 0x274e6,
0x24e7e, 0x24f83, 0x251a0, 0x25bd2, 0x2520a, 0x252d8, 0x252e7, 0x25dfb, 0x2559a, 0x2582a, 0x259e6, 0x25b8c,
0x25b98, 0x25bdb, 0x25e72, 0x25e79, 0x260a3, 0x2611f, 0x26163, 0x261be, 0x263db, 0x26562, 0x267d1, 0x26853,
0x268fa, 0x26b3e, 0x26b53, 0x26c57, 0x26f22, 0x26f97, 0x26f45, 0x274b0, 0x27518, 0x276e3, 0x2770b, 0x27aff,
0x27ba1, 0x27c21, 0x27de9, 0x27f36, 0x27ff0, 0x2809d, 0x28266, 0x2839e, 0x289b3, 0x28acc, 0x28cab, 0x29084,
0x29451, 0x29593, 0x29591, 0x295a2, 0x29665, 0x297d3, 0x29928, 0x28218, 0x24e38, 0x2542b, 0x25cb8, 0x25dcc,
0x273a9, 0x2764c, 0x2773c, 0x25ca9, 0x27feb, 0x28d0b, 0x296c1, 0x29811, 0x29854, 0x29858, 0x24f01, 0x24f0e,
0x25371, 0x2559c, 0x25668, 0x257fa, 0x25947, 0x25b09, 0x25bc4, 0x25c90, 0x25e0c, 0x25e7e, 0x25fcc, 0x263ee,
0x2673a, 0x265d7, 0x265e2, 0x2671f, 0x268cb, 0x268c4, 0x26a5f, 0x25e30, 0x26bc5, 0x26c17, 0x26c7d, 0x2757f,
0x27948, 0x25b63, 0x27a00, 0x27d00, 0x25fbd, 0x2898f, 0x28a18, 0x28cb4, 0x28d77, 0x28ecc, 0x28f1d, 0x298e2,
0x29a0e, 0x29b3c, 0x24e80, 0x2507d, 0x25100, 0x25993, 0x25b9c, 0x2622f, 0x26280, 0x264ec, 0x26b3a, 0x272a0,
0x27591, 0x27947, 0x27fa9, 0x287fb, 0x28abc, 0x28b70, 0x263ac, 0x283ca, 0x297a0, 0x25409, 0x25403, 0x255ab,
0x26854, 0x26a58, 0x28a70, 0x27827, 0x26775, 0x29ecd, 0x25374, 0x25ba2, 0x2811a, 0x28650, 0x29006, 0x24e18,
0x24e45, 0x24ec7, 0x24f11, 0x253ca, 0x25438, 0x25bae, 0x25f13, 0x26025, 0x26551, 0x4fffd, 0x2673d, 0x26c42,
0x26c72, 0x26ce3, 0x27078, 0x27403, 0x27a76, 0x27aae, 0x27b08, 0x27d1a, 0x27cfe, 0x27d66, 0x265e7, 0x2725b,
0x253bb, 0x25c45, 0x25de8, 0x262d2, 0x262e0, 0x26319, 0x26e20, 0x2865a, 0x28a31, 0x28ddd, 0x292f8, 0x26f01,
0x279a6, 0x29b5a, 0x24ea8, 0x24eab, 0x24eac, 0x24f9b, 0x24fa0, 0x250d1, 0x25147, 0x27af6, 0x25171, 0x251f6,
0x25354, 0x25321, 0x2537f, 0x253eb, 0x255ac, 0x25883, 0x25ce1, 0x25f37, 0x25f4a, 0x2602f, 0x26050, 0x2606d,
0x2631f, 0x26559, 0x26a4b, 0x26cc1, 0x272c2, 0x272ed, 0x277ef, 0x280f8, 0x28105, 0x28208, 0x2854e, 0x290f7,
0x293e1, 0x297ff, 0x29957, 0x29a5a, 0x24ef0, 0x251dd, 0x25c2d, 0x26681, 0x2696d, 0x25c40, 0x266f2, 0x26975,
0x27389, 0x26850, 0x27c81, 0x250c5, 0x252e4, 0x25747, 0x25dfe, 0x29326, 0x265a4, 0x26b23, 0x26b3d, 0x27434,
0x27981, 0x279bd, 0x27b4b, 0x27dca, 0x282b9, 0x283cc, 0x2887f, 0x2895f, 0x28b39, 0x28fd1, 0x291d1, 0x2541f,
0x29280, 0x24e5d, 0x25036, 0x253e5, 0x2533a, 0x272d7, 0x27396, 0x277e9, 0x282e6, 0x28eaf, 0x299c6, 0x299c8,
0x299d2, 0x25177, 0x2611a, 0x2865e, 0x255b0, 0x27a7a, 0x25076, 0x25bd3, 0x29047, 0x29685, 0x24e32, 0x26adb,
0x291e7, 0x25c51, 0x25c48, 0x26398, 0x27a9f, 0x26c93, 0x29774, 0x28f61, 0x27aaa, 0x2718a, 0x29688, 0x27c82,
0x26817, 0x27e70, 0x26851, 0x2936c, 0x252f2, 0x2541b, 0x285ab, 0x28a13, 0x27fa4, 0x28ecd, 0x290e1, 0x25366,
0x28888, 0x27941, 0x24fc2, 0x250be, 0x25211, 0x25144, 0x25553, 0x2572d, 0x273ea, 0x2578b, 0x25951, 0x25f62,
0x25f84, 0x26075, 0x26176, 0x26167, 0x261a9, 0x263b2, 0x2643a, 0x2656c, 0x2666f, 0x26842, 0x26e13, 0x27566,
0x27a3d, 0x27cfb, 0x27d4c, 0x27d99, 0x27e4b, 0x27f6b, 0x2830e, 0x2834a, 0x286cd, 0x28a08, 0x28a63, 0x28b66,
0x28efd, 0x2981a, 0x29d8f, 0x282b8, 0x28fce, 0x29be8, 0x4fffd, 0x25287, 0x2621f, 0x26483, 0x26fc0, 0x29699,
0x26841, 0x25091, 0x26b20, 0x26c7a, 0x26f54, 0x27a74, 0x27d50, 0x28840, 0x28a23, 0x26708, 0x24ef6, 0x25039,
0x25026, 0x25065, 0x2517c, 0x25238, 0x25263, 0x255a7, 0x2570f, 0x25805, 0x25acc, 0x25efa, 0x261b2, 0x261f8,
0x262f3, 0x26372, 0x2691c, 0x26a29, 0x2727d, 0x272ac, 0x2732e, 0x27814, 0x2786f, 0x27d79, 0x2770c, 0x280a9,
0x2898b, 0x28b19, 0x28ce2, 0x28ed2, 0x29063, 0x29375, 0x2967a, 0x29855, 0x29a13, 0x29e78, 0x25143, 0x2539f,
0x253b3, 0x25e7b, 0x25f26, 0x26e1b, 0x26e90, 0x27384, 0x273fe, 0x27d43, 0x28237, 0x28a00, 0x28afa, 0x29650,
0x24e4e, 0x2500b, 0x253e4, 0x2547c, 0x256fa, 0x259d1, 0x25b64, 0x25df1, 0x25eab, 0x25f27, 0x26238, 0x26545,
0x267af, 0x26e56, 0x272d0, 0x27cca, 0x288b4, 0x280a1, 0x280e1, 0x283f0, 0x2864e, 0x28a87, 0x28de8, 0x29237,
0x296c7, 0x29867, 0x29f13, 0x24e94, 0x24e92, 0x24f0d, 0x25348, 0x25449, 0x2543e, 0x25a2f, 0x25f8c, 0x25fa1,
0x2609f, 0x268a7, 0x26a8e, 0x2745a, 0x27881, 0x28a9e, 0x28aa4, 0x28b77, 0x29190, 0x24e5e, 0x29bc9, 0x24ea4,
0x24f7c, 0x24faf, 0x25019, 0x25016, 0x25149, 0x2516c, 0x2529f, 0x252b9, 0x252fe, 0x2539a, 0x253e3, 0x25411,
0x2540e, 0x25589, 0x25751, 0x257a2, 0x2597d, 0x25b54, 0x25b5d, 0x25b8f, 0x25de5, 0x25de7, 0x25df7, 0x25e78,
0x25e83, 0x25e9a, 0x25eb7, 0x25f18, 0x26052, 0x2614c, 0x26297, 0x262d8, 0x263a7, 0x2653b, 0x26602, 0x26643,
0x266f4, 0x2676d, 0x26821, 0x26897, 0x269cb, 0x26c5f, 0x26d2a, 0x26d69, 0x26e2f, 0x26e9d, 0x27532, 0x27687,
0x2786c, 0x27a3f, 0x27ce0, 0x27d05, 0x27d18, 0x27d5e, 0x27db1, 0x28015, 0x28003, 0x280af, 0x280b1, 0x28154,
0x2818f, 0x2822a, 0x28352, 0x2884c, 0x28861, 0x28b1b, 0x28ca2, 0x28cfc, 0x290ca, 0x29175, 0x29271, 0x2783f,
0x292fc, 0x295a4, 0x2964d, 0x4fffd, 0x29805, 0x29999, 0x29ad8, 0x29d3b, 0x2525b, 0x252ab, 0x253f7, 0x25408,
0x258d5, 0x262f7, 0x26fe0, 0x28c6a, 0x28f5f, 0x29eb9, 0x2514b, 0x2523b, 0x2544a, 0x256fd, 0x27a40, 0x29177,
0x29d60, 0x29ed2, 0x27344, 0x26f09, 0x28170, 0x27511, 0x25ffd, 0x260da, 0x29aa8, 0x272db, 0x28fbc, 0x26b64,
0x29803, 0x24eca, 0x256f0, 0x25764, 0x258be, 0x25a5a, 0x26068, 0x261c7, 0x2660f, 0x26606, 0x26839, 0x268b1,
0x26df7, 0x275d5, 0x27d3a, 0x2826e, 0x29b42, 0x24e9b, 0x24f50, 0x253c9, 0x25506, 0x25d6f, 0x25de6, 0x25dee,
0x267fb, 0x26c99, 0x27473, 0x27802, 0x28a50, 0x29396, 0x288df, 0x25750, 0x25ea7, 0x2632b, 0x250b5, 0x250ac,
0x2518d, 0x26700, 0x254c9, 0x2585e, 0x259bb, 0x25bb0, 0x25f69, 0x2624d, 0x263a1, 0x2683d, 0x26b73, 0x26e08,
0x2707d, 0x291c7, 0x27280, 0x27815, 0x27826, 0x2796d, 0x2658e, 0x27d30, 0x283dc, 0x288c1, 0x28f09, 0x2969b,
0x25264, 0x25728, 0x26750, 0x27f6a, 0x28ca1, 0x251b4, 0x25742, 0x2962a, 0x2583a, 0x2698a, 0x280b4, 0x254b2,
0x25d0e, 0x257fc, 0x27895, 0x29dfa, 0x24f5c, 0x2524a, 0x2548b, 0x2643e, 0x26628, 0x26714, 0x267f5, 0x27a84,
0x27b56, 0x27d22, 0x2932f, 0x2685c, 0x29bad, 0x27b39, 0x25319, 0x2518a, 0x25237, 0x25bdf, 0x262f6, 0x264ae,
0x264e6, 0x2672d, 0x26bba, 0x285a9, 0x296d1, 0x27690, 0x29bd6, 0x2634c, 0x29306, 0x29bab, 0x276bf, 0x26652,
0x24e09, 0x25098, 0x253c2, 0x25c71, 0x260e8, 0x26492, 0x26563, 0x2685f, 0x271e6, 0x273ca, 0x27523, 0x27b97,
0x27e82, 0x28695, 0x28b83, 0x28cdb, 0x29178, 0x29910, 0x265ac, 0x266ab, 0x26b8b, 0x24ed5, 0x24ed4, 0x24f3a,
0x24f7f, 0x2523a, 0x253f8, 0x253f2, 0x255e3, 0x256db, 0x258eb, 0x259cb, 0x259c9, 0x259ff, 0x25b50, 0x25c4d,
0x25e02, 0x25e2b, 0x25fd7, 0x2601d, 0x26307, 0x2652f, 0x25b5c, 0x265af, 0x265bd, 0x265e8, 0x2679d, 0x26b62,
0x4fffd, 0x26b7b, 0x26c0f, 0x27345, 0x27949, 0x279c1, 0x27cf8, 0x27d19, 0x27d2b, 0x280a2, 0x28102, 0x281f3,
0x28996, 0x28a5e, 0x28a69, 0x28a66, 0x28a8c, 0x28aee, 0x28cc7, 0x28cdc, 0x296cc, 0x298fc, 0x26b6f, 0x24e8b,
0x24f3c, 0x24f8d, 0x25150, 0x25b57, 0x25bfa, 0x26148, 0x26301, 0x26642, 0x26b21, 0x26ecb, 0x26cbb, 0x2723e,
0x274bd, 0x275d4, 0x278c1, 0x2793a, 0x2800c, 0x28033, 0x281ea, 0x28494, 0x28f9e, 0x26c50, 0x29e7f, 0x25f0f,
0x28b58, 0x29d2b, 0x27afa, 0x28ef8, 0x25b8d, 0x296eb, 0x24e03, 0x253f1, 0x257f7, 0x25931, 0x25ac9, 0x25ba4,
0x26089, 0x26e7f, 0x26f06, 0x275be, 0x28cea, 0x25b9f, 0x28500, 0x27be0, 0x25072, 0x267f4, 0x2829d, 0x25c61,
0x2854a, 0x27e1e, 0x2820e, 0x25199, 0x25c04, 0x26368, 0x28d66, 0x2659c, 0x2716e, 0x2793e, 0x27d17, 0x28005,
0x28b1d, 0x28eca, 0x2906e, 0x286c7, 0x290aa, 0x2501f, 0x252fa, 0x25c3a, 0x26753, 0x2707c, 0x27235, 0x2914c,
0x291c8, 0x2932b, 0x282e5, 0x25bc2, 0x25f31, 0x260f9, 0x24e3b, 0x253d6, 0x25b88, 0x2624b, 0x26731, 0x26b8a,
0x272e9, 0x273e0, 0x27a2e, 0x2816b, 0x28da3, 0x29152, 0x29996, 0x25112, 0x253d7, 0x2546a, 0x25bff, 0x26388,
0x26a39, 0x27dac, 0x29700, 0x256da, 0x253ce, 0x25468, 0x25b97, 0x25c31, 0x25dde, 0x24fee, 0x26101, 0x262fe,
0x26d32, 0x279c0, 0x279cb, 0x27d42, 0x27e4d, 0x27fd2, 0x281ed, 0x2821f, 0x28490, 0x28846, 0x28972, 0x28b90,
0x28e74, 0x28f2f, 0x29031, 0x2914b, 0x2916c, 0x296c6, 0x2919c, 0x24ec0, 0x24f4f, 0x25145, 0x25341, 0x25f93,
0x2620e, 0x267d4, 0x26c41, 0x26e0b, 0x27363, 0x27e26, 0x291cd, 0x29283, 0x253d4, 0x25919, 0x25bbf, 0x26dd1,
0x2795d, 0x27e2e, 0x27c9b, 0x2587e, 0x2719f, 0x251fa, 0x28853, 0x28ff0, 0x24fca, 0x25cfb, 0x26625, 0x277ac,
0x27ae3, 0x2821c, 0x299ff, 0x251c6, 0x25faa, 0x265ec, 0x2696f, 0x26b89, 0x26df3, 0x4fffd, 0x26e96, 0x26f64,
0x276fe, 0x27d14, 0x25de1, 0x29075, 0x29187, 0x29806, 0x251e6, 0x2521d, 0x26240, 0x26691, 0x266d9, 0x26e1a,
0x25eb6, 0x27dd2, 0x27f72, 0x266f8, 0x285af, 0x285f7, 0x28af8, 0x252a9, 0x253d9, 0x25973, 0x25e8f, 0x25f90,
0x26055, 0x292e4, 0x29664, 0x250b7, 0x2511f, 0x252dd, 0x25320, 0x25347, 0x253ec, 0x254e8, 0x25546, 0x25531,
0x25617, 0x25968, 0x259be, 0x25a3c, 0x25bb5, 0x25c06, 0x25c0f, 0x25c11, 0x25c1a, 0x25e84, 0x25e8a, 0x25ee0,
0x25f70, 0x2627f, 0x26284, 0x262db, 0x2638c, 0x26377, 0x26607, 0x2660c, 0x2662d, 0x26676, 0x2677e, 0x268a2,
0x26a1f, 0x26a35, 0x26cbc, 0x26d88, 0x26e09, 0x26e58, 0x2713c, 0x27126, 0x27167, 0x275c7, 0x27701, 0x2785d,
0x27901, 0x27965, 0x279f0, 0x27ae0, 0x27b11, 0x27ca7, 0x27d39, 0x28096, 0x283d6, 0x2848b, 0x28549, 0x2885d,
0x288f3, 0x28a1f, 0x28a3c, 0x28a54, 0x28a73, 0x28c61, 0x28cde, 0x291a4, 0x29266, 0x2937e, 0x29418, 0x2969c,
0x29798, 0x24e0a, 0x24e08, 0x24e1e, 0x24e57, 0x25197, 0x25270, 0x257ce, 0x25834, 0x258cc, 0x25b22, 0x25e38,
0x260c5, 0x264fe, 0x26761, 0x26756, 0x26d44, 0x272b6, 0x27573, 0x27a63, 0x284b8, 0x28b72, 0x291b8, 0x29320,
0x25631, 0x257f4, 0x298fe, 0x262ed, 0x2690d, 0x26b96, 0x271ed, 0x27e54, 0x28077, 0x28272, 0x289e6, 0x298df,
0x28755, 0x28fb1, 0x25c3b, 0x24f38, 0x24fe1, 0x24fb5, 0x25507, 0x25a20, 0x25bdd, 0x25be9, 0x25fc3, 0x2614e,
0x2632f, 0x265b0, 0x2664b, 0x268ee, 0x2699b, 0x26d78, 0x26df1, 0x27533, 0x275b9, 0x2771f, 0x2795e, 0x279e6,
0x27d33, 0x281e3, 0x282af, 0x285aa, 0x289aa, 0x28a3a, 0x28eab, 0x28f9b, 0x29032, 0x291dd, 0x29707, 0x24eba,
0x24ec1, 0x25203, 0x25875, 0x258ec, 0x25c0b, 0x2751a, 0x25c3d, 0x2814e, 0x28a0a, 0x28fc5, 0x29663, 0x2976d,
0x27b25, 0x28acf, 0x29808, 0x29162, 0x256f3, 0x253a8, 0x4fffd, 0x29017, 0x25439, 0x25782, 0x25e25, 0x263a8,
0x26c34, 0x2708a, 0x27761, 0x27c8b, 0x27fe0, 0x28870, 0x29042, 0x29154, 0x29310, 0x29318, 0x2968f, 0x2745e,
0x29ac4, 0x25d07, 0x25d69, 0x26570, 0x267a2, 0x28da8, 0x296db, 0x2636e, 0x26749, 0x26919, 0x283c5, 0x29817,
0x296c0, 0x288fe, 0x26f84, 0x2647a, 0x25bf8, 0x24e16, 0x2702c, 0x2755d, 0x2662f, 0x251c4, 0x25236, 0x252e2,
0x259d3, 0x25f81, 0x26027, 0x26210, 0x2653f, 0x26574, 0x2661f, 0x26674, 0x268f2, 0x26816, 0x26b63, 0x26e05,
0x27272, 0x2751f, 0x276db, 0x27cbe, 0x28056, 0x258f0, 0x288fd, 0x2897f, 0x28aa0, 0x28a93, 0x28acb, 0x2901d,
0x29192, 0x29752, 0x29759, 0x26589, 0x27a0e, 0x28106, 0x296bb, 0x25e2d, 0x260dc, 0x2621a, 0x265a5, 0x26614,
0x26790, 0x277f3, 0x27a4d, 0x27c4d, 0x27e3e, 0x2810a, 0x28cac, 0x28d64, 0x28de1, 0x28e5f, 0x278a9, 0x25207,
0x262d9, 0x263a5, 0x26442, 0x26298, 0x28a2d, 0x27a83, 0x27bc0, 0x28aac, 0x296ea, 0x27d76, 0x2820c, 0x28749,
0x24ed9, 0x25148, 0x25343, 0x25360, 0x25ba3, 0x25c02, 0x25c16, 0x25ddd, 0x26226, 0x26247, 0x264b0, 0x26813,
0x26834, 0x26cc9, 0x26d45, 0x26d17, 0x267d3, 0x26f5c, 0x2714e, 0x2717d, 0x265cb, 0x27a7f, 0x27bad, 0x27dda,
0x27e4a, 0x27fa8, 0x2817a, 0x2821b, 0x28239, 0x285a6, 0x28a6e, 0x28cce, 0x28df5, 0x29078, 0x29077, 0x292ad,
0x29291, 0x29583, 0x29bae, 0x2524d, 0x25584, 0x26f38, 0x27136, 0x25168, 0x27985, 0x27e55, 0x281b3, 0x27cce,
0x2564c, 0x25851, 0x25ca8, 0x263aa, 0x266fe, 0x266fd, 0x2695a, 0x272d9, 0x2758f, 0x2758e, 0x2790e, 0x27956,
0x279df, 0x27c97, 0x27d20, 0x27d44, 0x28607, 0x28a34, 0x2963b, 0x29061, 0x29f20, 0x250e7, 0x25275, 0x253cc,
0x253e2, 0x25009, 0x255aa, 0x258ee, 0x2594f, 0x2723d, 0x25b8b, 0x25c64, 0x2531d, 0x260e3, 0x260f3, 0x2635c,
0x26383, 0x2633f, 0x263bb, 0x4fffd, 0x264cd, 0x265e9, 0x266f9, 0x25de3, 0x269cd, 0x269fd, 0x26f15, 0x271e5,
0x24e89, 0x275e9, 0x276f8, 0x27a93, 0x27cdf, 0x27dcf, 0x27d9c, 0x28061, 0x28349, 0x28358, 0x2846c, 0x284bc,
0x285fb, 0x288c5, 0x28d70, 0x29001, 0x2906d, 0x29397, 0x2971c, 0x29a12, 0x250cf, 0x25897, 0x2618e, 0x281d3,
0x28535, 0x28d08, 0x29020, 0x24fc3, 0x25074, 0x25247, 0x25373, 0x2606f, 0x26349, 0x2675f, 0x26e2c, 0x28db3,
0x2901f, 0x24fd7, 0x25c5e, 0x28cca, 0x265cf, 0x27d9a, 0x25352, 0x28896, 0x25176, 0x263c3, 0x25b58, 0x25b6b,
0x25c0a, 0x2640d, 0x26751, 0x2905c, 0x24ed6, 0x2591a, 0x2592a, 0x26c70, 0x28a51, 0x2553e, 0x25815, 0x259a5,
0x260f0, 0x26253, 0x267c1, 0x28235, 0x26955, 0x29640, 0x299c4, 0x29a28, 0x24f53, 0x25806, 0x25bfe, 0x28010,
0x25cb1, 0x25e2f, 0x25f85, 0x26020, 0x2614b, 0x26234, 0x266ff, 0x26cf0, 0x26ede, 0x280ce, 0x2817f, 0x282d4,
0x2888b, 0x28cb8, 0x29000, 0x2902e, 0x2968a, 0x29edb, 0x29bdb, 0x24ee3, 0x253f0, 0x25927, 0x27b2c, 0x2918d,
0x2984c, 0x29df9, 0x26edd, 0x27027, 0x25353, 0x25544, 0x25b85, 0x26258, 0x2629e, 0x262d3, 0x26ca2, 0x26fef,
0x27422, 0x28a17, 0x29438, 0x26fc1, 0x28afe, 0x28338, 0x251e7, 0x286f8, 0x253ea, 0x253e9, 0x24f46, 0x29054,
0x28fb0, 0x2596a, 0x28131, 0x25dfd, 0x27aea, 0x28fbf, 0x268da, 0x28c37, 0x272f8, 0x29c48, 0x26a3d, 0x28ab0,
0x24e39, 0x25358, 0x25606, 0x25766, 0x262c5, 0x263a2, 0x265e6, 0x26b4e, 0x26de1, 0x26e5b, 0x270ad, 0x277ed,
0x27aef, 0x27baa, 0x27dbb, 0x2803d, 0x280c6, 0x286cb, 0x28a95, 0x2935b, 0x256e3, 0x258c7, 0x25f3e, 0x265ad,
0x26696, 0x26a80, 0x26bb5, 0x27537, 0x28ac7, 0x25024, 0x277e5, 0x25730, 0x25f1b, 0x26065, 0x2667a, 0x26c60,
0x275f4, 0x27a1a, 0x27f6e, 0x281f4, 0x28718, 0x29045, 0x299b3, 0x27bc9, 0x2755c, 0x27af9, 0x27b51, 0x284c4,
0x4fffd, 0x29010, 0x279e9, 0x27a92, 0x28336, 0x25ae1, 0x27740, 0x24e2d, 0x24ef2, 0x25b99, 0x25fe0, 0x262bd,
0x2663c, 0x267f1, 0x26ce8, 0x2866b, 0x28877, 0x28a3b, 0x2914e, 0x292f3, 0x299d0, 0x26a17, 0x27026, 0x2732a,
0x282e7, 0x28457, 0x28caf, 0x24e01, 0x25146, 0x251cb, 0x2558b, 0x25bf5, 0x25e16, 0x25e33, 0x25e81, 0x25f14,
0x25f35, 0x25f6b, 0x25fb4, 0x261f2, 0x26311, 0x266a2, 0x2671d, 0x26f6e, 0x27252, 0x2753a, 0x2773a, 0x28074,
0x28139, 0x28178, 0x28776, 0x28abf, 0x28adc, 0x28d85, 0x28df3, 0x2929a, 0x29577, 0x29802, 0x29ce5, 0x252c5,
0x26357, 0x276f4, 0x26715, 0x26c88, 0x273cd, 0x28cc3, 0x293ae, 0x29673, 0x26d25, 0x2589c, 0x2690e, 0x269cc,
0x28ffd, 0x2939a, 0x275db, 0x2901a, 0x2585a, 0x26802, 0x263b4, 0x269fb, 0x24f43, 0x26f2c, 0x267d8, 0x28fbb,
0x28526, 0x27db4, 0x29354, 0x2693f, 0x26f70, 0x2576a, 0x258f7, 0x25b2c, 0x27d2c, 0x2722a, 0x2540a, 0x291e3,
0x29db4, 0x24ead, 0x24f4e, 0x2505c, 0x25075, 0x25243, 0x28c9e, 0x25448, 0x25824, 0x25b9a, 0x25e1d, 0x25e95,
0x25ead, 0x25ef7, 0x25f1f, 0x2608c, 0x262b5, 0x2633a, 0x263d0, 0x268af, 0x26c40, 0x27887, 0x2798e, 0x27a0b,
0x27de0, 0x28247, 0x28a02, 0x28ae6, 0x28e44, 0x29013, 0x290b8, 0x2912d, 0x291d8, 0x29f0e, 0x26ce5, 0x26458,
0x264e2, 0x26575, 0x26ef4, 0x27684, 0x27b1b, 0x29069, 0x293d1, 0x26eba, 0x254f2, 0x25fb9, 0x264a4, 0x28f4d,
0x28fed, 0x29244, 0x25178, 0x2586b, 0x25929, 0x25c55, 0x25e97, 0x26dfb, 0x27e8f, 0x2751c, 0x28cbc, 0x28ee2,
0x2985b, 0x270b9, 0x24f1d, 0x26bbf, 0x26fb1, 0x27530, 0x296fb, 0x2514e, 0x25410, 0x25835, 0x25857, 0x259ac,
0x25c60, 0x25f92, 0x26597, 0x2675c, 0x26e21, 0x2767b, 0x283df, 0x28ced, 0x29014, 0x290fd, 0x2934d, 0x27825,
0x2783a, 0x252aa, 0x25ea6, 0x2571f, 0x25974, 0x26012, 0x25012, 0x2515a, 0x251ac, 0x4fffd, 0x251cd, 0x25200,
0x25510, 0x25854, 0x25858, 0x25957, 0x25b95, 0x25cf6, 0x25d8b, 0x260bc, 0x26295, 0x2642d, 0x26771, 0x26843,
0x268bc, 0x268df, 0x276d7, 0x26dd8, 0x26e6f, 0x26d9b, 0x2706f, 0x271c8, 0x25f53, 0x275d8, 0x27977, 0x27b49,
0x27b54, 0x27b52, 0x27cd6, 0x27d71, 0x25230, 0x28463, 0x28569, 0x285e4, 0x28a0e, 0x28b04, 0x28c46, 0x28e0f,
0x29003, 0x2900f, 0x29419, 0x29676, 0x2982d, 0x29a30, 0x295d8, 0x250cd, 0x252d5, 0x2540c, 0x25802, 0x25c0e,
0x261a7, 0x2649e, 0x26d1e, 0x277b3, 0x27ae5, 0x280f4, 0x28404, 0x29053, 0x29285, 0x25ce0, 0x29d07, 0x2533f,
0x25f97, 0x25fb3, 0x26d9c, 0x27279, 0x27763, 0x279bf, 0x27be4, 0x26bd2, 0x272ec, 0x28aad, 0x26803, 0x26a61,
0x251f8, 0x27a81, 0x26934, 0x25c4a, 0x29cf6, 0x282eb, 0x25bc5, 0x29149, 0x2701e, 0x25678, 0x25c6f, 0x260c7,
0x26566, 0x26c8c, 0x28c5a, 0x29041, 0x29813, 0x25451, 0x266c7, 0x2920d, 0x25948, 0x290a3, 0x25185, 0x24e4d,
0x251ea, 0x28599, 0x28b0e, 0x27058, 0x2637a, 0x2934b, 0x26962, 0x299b4, 0x27e04, 0x27577, 0x25357, 0x26960,
0x28edf, 0x296e3, 0x26c5d, 0x24e8c, 0x25c3c, 0x25f10, 0x28fe9, 0x25302, 0x28cd1, 0x28089, 0x28679, 0x25eff,
0x265e5, 0x24e73, 0x25165, 0x25982, 0x25c3f, 0x297ee, 0x24efb, 0x2598a, 0x25fcd, 0x28a8d, 0x26fe1, 0x279b0,
0x27962, 0x25be7, 0x28471, 0x2732b, 0x271b1, 0x25e74, 0x25ff5, 0x2637b, 0x2649a, 0x271c3, 0x27c98, 0x24e43,
0x25efc, 0x24e4b, 0x257dc, 0x256a2, 0x260a9, 0x26fc3, 0x27d0d, 0x280fd, 0x28133, 0x281bf, 0x28fb2, 0x28997,
0x286a4, 0x25df4, 0x2628a, 0x264ad, 0x28987, 0x26777, 0x26ce2, 0x26d3e, 0x27436, 0x27834, 0x25a46, 0x27f75,
0x282ad, 0x299ac, 0x24ff3, 0x25ec3, 0x262dd, 0x26392, 0x26557, 0x2676f, 0x276c3, 0x2724c, 0x280cc, 0x280ba,
0x28f29, 0x2914d, 0x2500d, 0x257f9, 0x25a92, 0x26885, 0x4fffd, 0x26973, 0x27164, 0x272fd, 0x28cb7, 0x258f2,
0x28ce0, 0x2966a, 0x29019, 0x2877f, 0x279e4, 0x277e7, 0x28429, 0x24f2f, 0x25265, 0x2535a, 0x262cd, 0x267cf,
0x26cca, 0x2767d, 0x27b94, 0x27c95, 0x28236, 0x28584, 0x28feb, 0x266dd, 0x26f20, 0x27206, 0x27e1b, 0x283ab,
0x299c1, 0x29ea6, 0x251fd, 0x27bb1, 0x27872, 0x27bb8, 0x28087, 0x27b48, 0x26ae8, 0x25e61, 0x2808c, 0x27551,
0x27560, 0x2516b, 0x29262, 0x26e8c, 0x2767a, 0x29197, 0x29aea, 0x24f10, 0x27f70, 0x2629c, 0x27b4f, 0x295a5,
0x29ce9, 0x2567a, 0x25859, 0x286e4, 0x296bc, 0x24f34, 0x25224, 0x2534a, 0x253cd, 0x253db, 0x25e06, 0x2642c,
0x26591, 0x2677f, 0x26c3e, 0x26c4e, 0x27248, 0x272af, 0x273ed, 0x27554, 0x27e41, 0x2822c, 0x285e9, 0x28ca9,
0x27bc4, 0x291c6, 0x27169, 0x29812, 0x298ef, 0x2633d, 0x26669, 0x2756a, 0x276e4, 0x278d0, 0x28543, 0x286ee,
0x2532a, 0x25351, 0x25426, 0x25983, 0x25e87, 0x25f7c, 0x260b2, 0x26249, 0x26279, 0x262ab, 0x26590, 0x26bd4,
0x26ccc, 0x275b2, 0x276ae, 0x27891, 0x279d8, 0x27dcb, 0x27f77, 0x280a5, 0x288ab, 0x28ab9, 0x28cbb, 0x2907f,
0x2975e, 0x298db, 0x26a0b, 0x27c38, 0x25099, 0x25c3e, 0x25fae, 0x26787, 0x26bd8, 0x27435, 0x27709, 0x27f8e,
0x29f3b, 0x267ca, 0x27a17, 0x25339, 0x2758b, 0x29aed, 0x25f66, 0x2819d, 0x283f1, 0x28098, 0x25f3c, 0x25fc5,
0x27562, 0x27b46, 0x2903c, 0x26867, 0x259eb, 0x25a9b, 0x27d10, 0x2767e, 0x28b2c, 0x24ff5, 0x25f6a, 0x26a19,
0x26c37, 0x26f02, 0x274e2, 0x27968, 0x28868, 0x28a55, 0x28c79, 0x25edf, 0x263cf, 0x275c5, 0x279d2, 0x282d7,
0x29328, 0x292f2, 0x2849c, 0x286ed, 0x29c2d, 0x254c1, 0x25f6c, 0x2658c, 0x26d5c, 0x27015, 0x28ca7, 0x28cd3,
0x2983b, 0x2654f, 0x274f6, 0x24e0d, 0x24ed8, 0x257e0, 0x2592b, 0x25a66, 0x25bcc, 0x251a8, 0x25e03, 0x25e9c,
0x26016, 0x26276, 0x26577, 0x4fffd, 0x265a7, 0x2666e, 0x26d6e, 0x27236, 0x27b26, 0x28150, 0x2819a, 0x28299,
0x28b5c, 0x28ca0, 0x28ce6, 0x28d74, 0x2961c, 0x29644, 0x24fae, 0x264ab, 0x26b66, 0x2821e, 0x28461, 0x2856a,
0x290e8, 0x25c01, 0x26953, 0x298a8, 0x2847a, 0x28557, 0x24f0f, 0x2526f, 0x25fa9, 0x25e45, 0x2670d, 0x2798f,
0x28179, 0x28907, 0x28986, 0x26df5, 0x25f17, 0x26255, 0x26cb8, 0x24ecf, 0x27269, 0x29b92, 0x25206, 0x2543b,
0x25674, 0x258b3, 0x261a4, 0x2626e, 0x2711a, 0x2596e, 0x27c89, 0x27cde, 0x27d1b, 0x296f0, 0x26587, 0x2805e,
0x24e19, 0x24f75, 0x25175, 0x25840, 0x25e63, 0x25e73, 0x25f0a, 0x267c4, 0x24e26, 0x2853d, 0x29589, 0x2965b,
0x27c73, 0x29801, 0x250fb, 0x258c1, 0x27656, 0x278a7, 0x25225, 0x277a5, 0x28511, 0x27b86, 0x2504f, 0x25909,
0x27247, 0x27bc7, 0x27de8, 0x28fba, 0x28fd4, 0x2904d, 0x24fbf, 0x252c9, 0x25a29, 0x25f01, 0x297ad, 0x24fdd,
0x28217, 0x292ea, 0x25703, 0x26355, 0x26b69, 0x2752b, 0x288dc, 0x28f14, 0x27a42, 0x252df, 0x25893, 0x26155,
0x2620a, 0x266ae, 0x26bcd, 0x27c3f, 0x283e9, 0x25023, 0x24ff8, 0x25305, 0x25446, 0x25831, 0x25949, 0x25b9d,
0x25cf0, 0x25cef, 0x25d29, 0x25e96, 0x262b1, 0x26367, 0x2653e, 0x265b9, 0x2670b, 0x26cd5, 0x26ce1, 0x270f9,
0x27832, 0x27e2b, 0x280de, 0x282b3, 0x2840c, 0x284ec, 0x28702, 0x28912, 0x28a2a, 0x28c4a, 0x290a6, 0x292d2,
0x298fd, 0x29cf3, 0x29d6c, 0x24e4f, 0x24ea1, 0x2508d, 0x25256, 0x2574a, 0x259a8, 0x25e3d, 0x25fd8, 0x25fd9,
0x2623f, 0x266b4, 0x2671b, 0x267d0, 0x268d2, 0x25192, 0x27d21, 0x280aa, 0x281a8, 0x28b00, 0x28c8c, 0x28cbf,
0x2927e, 0x29632, 0x25420, 0x2982c, 0x25317, 0x250d5, 0x2535c, 0x258a8, 0x264b2, 0x26734, 0x27267, 0x27766,
0x27a46, 0x291e6, 0x252c3, 0x26ca1, 0x26b86, 0x25800, 0x25e4c, 0x25954, 0x2672c, 0x27ffb, 0x251e1, 0x276c6,
0x4fffd, 0x26469, 0x278e8, 0x29b54, 0x29ebb, 0x257cb, 0x259b9, 0x26627, 0x2679a, 0x26bce, 0x254e9, 0x269d9,
0x25e55, 0x2819c, 0x26795, 0x29baa, 0x267fe, 0x29c52, 0x2685d, 0x24ea6, 0x24fe3, 0x253c8, 0x262b9, 0x2672b,
0x26cab, 0x28fc4, 0x24fad, 0x27e6d, 0x29ebf, 0x24e07, 0x26162, 0x26e80, 0x26f2b, 0x28513, 0x25473, 0x2672a,
0x29b45, 0x25df3, 0x27b95, 0x25cac, 0x25bc6, 0x2871c, 0x26e4a, 0x284d1, 0x27a14, 0x28108, 0x25999, 0x27c8d,
0x26c11, 0x27720, 0x252d9, 0x25922, 0x27121, 0x2725f, 0x277db, 0x29727, 0x29d61, 0x2690b, 0x25a7f, 0x25a18,
0x251a5, 0x2540d, 0x2547d, 0x2660e, 0x276df, 0x28ff7, 0x29298, 0x29cf4, 0x259ea, 0x2725d, 0x26ec5, 0x2514d,
0x268c9, 0x27dbf, 0x27dec, 0x29762, 0x29eba, 0x26478, 0x26a21, 0x28302, 0x25984, 0x25b5f, 0x26bdb, 0x2731b,
0x276f2, 0x27db2, 0x28017, 0x28499, 0x25132, 0x26728, 0x29ed9, 0x276ee, 0x26762, 0x252ff, 0x29905, 0x25c24,
0x2623b, 0x27c7e, 0x28cb0, 0x2554f, 0x260b6, 0x27d0b, 0x29580, 0x25301, 0x24e5f, 0x251b6, 0x2591c, 0x2723a,
0x28036, 0x291ce, 0x25f25, 0x277e2, 0x25384, 0x25f79, 0x27d04, 0x285ac, 0x28a33, 0x28e8d, 0x29756, 0x267f3,
0x285ae, 0x29453, 0x26109, 0x26108, 0x26cb9, 0x27652, 0x28aed, 0x28f38, 0x2552f, 0x24f51, 0x2512a, 0x252c7,
0x253cb, 0x25ba5, 0x25e7d, 0x260a0, 0x26182, 0x263d6, 0x26709, 0x267da, 0x26e67, 0x26d8c, 0x27336, 0x27337,
0x27531, 0x27950, 0x288d5, 0x28a98, 0x2904a, 0x29091, 0x290f5, 0x296c4, 0x2878d, 0x25915, 0x24e88, 0x24f59,
0x24e0e, 0x28a89, 0x28f3f, 0x29810, 0x250ad, 0x25e7c, 0x25996, 0x25bb9, 0x25eb8, 0x263da, 0x263fa, 0x264c1,
0x266dc, 0x2694a, 0x269d8, 0x26d0b, 0x26eb6, 0x27194, 0x27528, 0x27aaf, 0x27f8a, 0x28000, 0x28449, 0x284c9,
0x28981, 0x28b21, 0x28e0a, 0x29065, 0x2967d, 0x2990a, 0x2617e, 0x26291, 0x26b32, 0x4fffd, 0x26c83, 0x26d74,
0x27fcc, 0x27ffc, 0x26dc0, 0x27f85, 0x287ba, 0x288f8, 0x26765, 0x283b1, 0x2983c, 0x296f7, 0x26d1b, 0x27d61,
0x2843d, 0x2916a, 0x24e71, 0x25375, 0x25d50, 0x26b04, 0x26feb, 0x285cd, 0x2862d, 0x289a7, 0x25229, 0x2540f,
0x25c65, 0x2674e, 0x268a8, 0x27406, 0x27483, 0x275e2, 0x288cf, 0x288e1, 0x291cc, 0x296e2, 0x29678, 0x25f8b,
0x27387, 0x27acb, 0x2844e, 0x263a0, 0x27565, 0x25289, 0x26d41, 0x26e9c, 0x27409, 0x27559, 0x2786b, 0x27c92,
0x29686, 0x27adc, 0x29f8d, 0x24fb6, 0x2616e, 0x265c5, 0x2865c, 0x24e86, 0x24eae, 0x250da, 0x24e21, 0x251cc,
0x25bee, 0x26599, 0x26881, 0x26dbc, 0x2731f, 0x27642, 0x277ad, 0x27a1c, 0x27ce7, 0x2826f, 0x28ad2, 0x2907c,
0x291cf, 0x29675, 0x29818, 0x2529b, 0x27dd1, 0x2502b, 0x25398, 0x26797, 0x26dcb, 0x271d0, 0x27433, 0x281e8,
0x28f2a, 0x296a3, 0x29c57, 0x29e9f, 0x27460, 0x25841, 0x26d99, 0x27d2f, 0x2985e, 0x24ee4, 0x24f36, 0x24f8b,
0x251b7, 0x252b1, 0x25dba, 0x2601c, 0x273b2, 0x2793c, 0x282d3, 0x29234, 0x296b7, 0x296f6, 0x2970a, 0x29e97,
0x29f62, 0x266a6, 0x26b74, 0x25217, 0x252a3, 0x270c8, 0x288c2, 0x25ec9, 0x2604b, 0x26190, 0x26f23, 0x27149,
0x27c3e, 0x27df4, 0x2806f, 0x284ee, 0x29023, 0x2932c, 0x25442, 0x29b6f, 0x26ad3, 0x27089, 0x28cc2, 0x28def,
0x29732, 0x252b4, 0x25a41, 0x25eca, 0x25f04, 0x26717, 0x2697c, 0x26994, 0x26d6a, 0x26f0f, 0x27262, 0x272fc,
0x27bed, 0x28001, 0x2807e, 0x2874b, 0x290ce, 0x2516d, 0x29e93, 0x27984, 0x2808b, 0x29332, 0x28ad6, 0x2502d,
0x2548c, 0x28a71, 0x26b6a, 0x28cc4, 0x28107, 0x260d1, 0x267a0, 0x29df2, 0x24e99, 0x24e98, 0x29c10, 0x28a6b,
0x285c1, 0x28568, 0x26900, 0x26e7e, 0x27897, 0x28155, 0x4fffd, 0x4fffd, 0x4fffd, 0x4fffd, 0x4fffd, 0x4fffd,
0x4fffd, 0x4fffd, 0x4fffd, 0x4fffd, 0x4fffd, 0x4fffd, 0x4fffd, 0x0fffd, 0x4fffd, 0x4fffd, 0x4fffd, 0x4fffd,
0x0fffd, 0x0fffd, 0x4fffd, 0x4fffd, 0x4fffd, 0x4fffd, 0x4fffd, 0x4fffd, 0x4fffd, 0x4fffd, 0x4fffd, 0x4fffd,
0x4fffd, 0x4fffd, 0x4fffd, 0x4fffd, 0x4fffd, 0x4fffd, 0x4fffd, 0x4fffd, 0x4fffd, 0x4fffd, 0x4fffd, 0x4fffd,
0x4fffd, 0x4fffd, 0x25f0c, 0x24e10, 0x24e15, 0x24e2a, 0x24e31, 0x24e36, 0x24e3c, 0x24e3f, 0x24e42, 0x24e56,
0x24e58, 0x24e82, 0x24e85, 0x28c6b, 0x24e8a, 0x28212, 0x25f0d, 0x24e8e, 0x24e9e, 0x24e9f, 0x24ea0, 0x24ea2,
0x24eb0, 0x24eb3, 0x24eb6, 0x24ece, 0x24ecd, 0x24ec4, 0x24ec6, 0x24ec2, 0x24ed7, 0x24ede, 0x24eed, 0x24edf,
0x24ef7, 0x24f09, 0x24f5a, 0x24f30, 0x24f5b, 0x24f5d, 0x24f57, 0x24f47, 0x24f76, 0x24f88, 0x24f8f, 0x24f98,
0x24f7b, 0x24f69, 0x24f70, 0x24f91, 0x24f6f, 0x24f86, 0x24f96, 0x25118, 0x24fd4, 0x24fdf, 0x24fce, 0x24fd8,
0x24fdb, 0x24fd1, 0x24fda, 0x24fd0, 0x24fe4, 0x24fe5, 0x2501a, 0x25028, 0x25014, 0x2502a, 0x25025, 0x25005,
0x24f1c, 0x24ff6, 0x25021, 0x25029, 0x2502c, 0x24ffe, 0x24fef, 0x25011, 0x25006, 0x25043, 0x25047, 0x26703,
0x25055, 0x25050, 0x25048, 0x2505a, 0x25056, 0x2506c, 0x25078, 0x25080, 0x2509a, 0x25085, 0x250b4, 0x250b2,
0x250c9, 0x250ca, 0x250b3, 0x250c2, 0x250d6, 0x250de, 0x250e5, 0x250ed, 0x250e3, 0x250ee, 0x250f9, 0x250f5,
0x25109, 0x25101, 0x25102, 0x25116, 0x25115, 0x25114, 0x2511a, 0x25121, 0x2513a, 0x25137, 0x2513c, 0x2513b,
0x2513f, 0x25140, 0x25152, 0x2514c, 0x25154, 0x25162, 0x27af8, 0x25169, 0x2516a, 0x2516e, 0x25180, 0x25182,
0x256d8, 0x2518c, 0x25189, 0x2518f, 0x25191, 0x25193, 0x25195, 0x25196, 0x251a4, 0x251a6, 0x251a2, 0x251a9,
0x251aa, 0x251ab, 0x251b3, 0x251b1, 0x251b2, 0x251b0, 0x251b5, 0x251bd, 0x251c5, 0x251c9, 0x251db, 0x251e0,
0x28655, 0x251e9, 0x251ed, 0x4fffd, 0x251f0, 0x251f5, 0x251fe, 0x25204, 0x2520b, 0x25214, 0x2520e, 0x25227,
0x2522a, 0x2522e, 0x25233, 0x25239, 0x2524f, 0x25244, 0x2524b, 0x2524c, 0x2525e, 0x25254, 0x2526a, 0x25274,
0x25269, 0x25273, 0x2527f, 0x2527d, 0x2528d, 0x25294, 0x25292, 0x25271, 0x25288, 0x25291, 0x28fa8, 0x28fa7,
0x252ac, 0x252ad, 0x252bc, 0x252b5, 0x252c1, 0x252cd, 0x252d7, 0x252de, 0x252e3, 0x252e6, 0x298ed, 0x252e0,
0x252f3, 0x252f5, 0x252f8, 0x252f9, 0x25306, 0x25308, 0x27538, 0x2530d, 0x25310, 0x2530f, 0x25315, 0x2531a,
0x25323, 0x2532f, 0x25331, 0x25333, 0x25338, 0x25340, 0x25346, 0x25345, 0x24e17, 0x25349, 0x2534d, 0x251d6,
0x2535e, 0x25369, 0x2536e, 0x25918, 0x2537b, 0x25377, 0x25382, 0x25396, 0x253a0, 0x253a6, 0x253a5, 0x253ae,
0x253b0, 0x253b6, 0x253c3, 0x27c12, 0x296d9, 0x253df, 0x266fc, 0x271ee, 0x253ee, 0x253e8, 0x253ed, 0x253fa,
0x25401, 0x2543d, 0x25440, 0x2542c, 0x2542d, 0x2543c, 0x2542e, 0x25436, 0x25429, 0x2541d, 0x2544e, 0x2548f,
0x25475, 0x2548e, 0x2545f, 0x25471, 0x25477, 0x25470, 0x25492, 0x2547b, 0x25480, 0x25476, 0x25484, 0x25490,
0x25486, 0x254c7, 0x254a2, 0x254b8, 0x254a5, 0x254ac, 0x254c4, 0x254c8, 0x254a8, 0x254ab, 0x254c2, 0x254a4,
0x254be, 0x254bc, 0x254d8, 0x254e5, 0x254e6, 0x2550f, 0x25514, 0x254fd, 0x254ee, 0x254ed, 0x254fa, 0x254e2,
0x25539, 0x25540, 0x25563, 0x2554c, 0x2552e, 0x2555c, 0x25545, 0x25556, 0x25557, 0x25538, 0x25533, 0x2555d,
0x25599, 0x25580, 0x254af, 0x2558a, 0x2559f, 0x2557b, 0x2557e, 0x25598, 0x2559e, 0x255ae, 0x2557c, 0x25583,
0x255a9, 0x25587, 0x255a8, 0x255da, 0x255c5, 0x255df, 0x255c4, 0x255dc, 0x255e4, 0x255d4, 0x25614, 0x255f7,
0x25616, 0x255fe, 0x255fd, 0x2561b, 0x255f9, 0x2564e, 0x25650, 0x271df, 0x25634, 0x25636, 0x25632, 0x25638,
0x4fffd, 0x2566b, 0x25664, 0x2562f, 0x2566c, 0x2566a, 0x25686, 0x25680, 0x2568a, 0x256a0, 0x25694, 0x2568f,
0x256a5, 0x256ae, 0x256b6, 0x256b4, 0x256c2, 0x256bc, 0x256c1, 0x256c3, 0x256c0, 0x256c8, 0x256ce, 0x256d1,
0x256d3, 0x256d7, 0x256ee, 0x256f9, 0x25700, 0x256ff, 0x25704, 0x25709, 0x25708, 0x2570b, 0x2570d, 0x25713,
0x25718, 0x25716, 0x255c7, 0x2571c, 0x25726, 0x25737, 0x25738, 0x2574e, 0x2573b, 0x25740, 0x2574f, 0x25769,
0x257c0, 0x25788, 0x25761, 0x2577f, 0x25789, 0x25793, 0x257a0, 0x257b3, 0x257a4, 0x257aa, 0x257b0, 0x257c3,
0x257c6, 0x257d4, 0x257d2, 0x257d3, 0x2580a, 0x257d6, 0x257e3, 0x2580b, 0x25819, 0x2581d, 0x25872, 0x25821,
0x25862, 0x2584b, 0x25870, 0x26bc0, 0x25852, 0x2583d, 0x25879, 0x25885, 0x258b9, 0x2589f, 0x258ab, 0x258ba,
0x258de, 0x258bb, 0x258b8, 0x258ae, 0x258c5, 0x258d3, 0x258d1, 0x258d7, 0x258d9, 0x258d8, 0x258e5, 0x258dc,
0x258e4, 0x258df, 0x258ef, 0x258fa, 0x258f9, 0x258fb, 0x258fc, 0x258fd, 0x25902, 0x2590a, 0x25910, 0x2591b,
0x268a6, 0x25925, 0x2592c, 0x2592d, 0x25932, 0x25938, 0x2593e, 0x27ad2, 0x25955, 0x25950, 0x2594e, 0x2595a,
0x25958, 0x25962, 0x25960, 0x25967, 0x2596c, 0x25969, 0x25978, 0x25981, 0x2599d, 0x24f5e, 0x24fab, 0x259a3,
0x259b2, 0x259c6, 0x259e8, 0x259dc, 0x2598d, 0x259d9, 0x259da, 0x25a25, 0x25a1f, 0x25a11, 0x25a1c, 0x25a09,
0x25a1a, 0x25a40, 0x25a6c, 0x25a49, 0x25a35, 0x25a36, 0x25a62, 0x25a6a, 0x25a9a, 0x25abc, 0x25abe, 0x25acb,
0x25ac2, 0x25abd, 0x25ae3, 0x25ad7, 0x25ae6, 0x25ae9, 0x25ad6, 0x25afa, 0x25afb, 0x25b0c, 0x25b0b, 0x25b16,
0x25b32, 0x25ad0, 0x25b2a, 0x25b36, 0x25b3e, 0x25b43, 0x25b45, 0x25b40, 0x25b51, 0x25b55, 0x25b5a, 0x25b5b,
0x25b65, 0x25b69, 0x25b70, 0x25b73, 0x25b75, 0x25b78, 0x26588, 0x25b7a, 0x25b80, 0x4fffd, 0x25b83, 0x25ba6,
0x25bb8, 0x25bc3, 0x25bc7, 0x25bc9, 0x25bd4, 0x25bd0, 0x25be4, 0x25be6, 0x25be2, 0x25bde, 0x25be5, 0x25beb,
0x25bf0, 0x25bf6, 0x25bf3, 0x25c05, 0x25c07, 0x25c08, 0x25c0d, 0x25c13, 0x25c20, 0x25c22, 0x25c28, 0x25c38,
0x25c39, 0x25c41, 0x25c46, 0x25c4e, 0x25c53, 0x25c50, 0x25c4f, 0x25b71, 0x25c6c, 0x25c6e, 0x24e62, 0x25c76,
0x25c79, 0x25c8c, 0x25c91, 0x25c94, 0x2599b, 0x25cab, 0x25cbb, 0x25cb6, 0x25cbc, 0x25cb7, 0x25cc5, 0x25cbe,
0x25cc7, 0x25cd9, 0x25ce9, 0x25cfd, 0x25cfa, 0x25ced, 0x25d8c, 0x25cea, 0x25d0b, 0x25d15, 0x25d17, 0x25d5c,
0x25d1f, 0x25d1b, 0x25d11, 0x25d14, 0x25d22, 0x25d1a, 0x25d19, 0x25d18, 0x25d4c, 0x25d52, 0x25d4e, 0x25d4b,
0x25d6c, 0x25d73, 0x25d76, 0x25d87, 0x25d84, 0x25d82, 0x25da2, 0x25d9d, 0x25dac, 0x25dae, 0x25dbd, 0x25d90,
0x25db7, 0x25dbc, 0x25dc9, 0x25dcd, 0x25dd3, 0x25dd2, 0x25dd6, 0x25ddb, 0x25deb, 0x25df2, 0x25df5, 0x25e0b,
0x25e1a, 0x25e19, 0x25e11, 0x25e1b, 0x25e36, 0x25e37, 0x25e44, 0x25e43, 0x25e40, 0x25e4e, 0x25e57, 0x25e54,
0x25e5f, 0x25e62, 0x25e64, 0x25e47, 0x25e75, 0x25e76, 0x25e7a, 0x29ebc, 0x25e7f, 0x25ea0, 0x25ec1, 0x25ec2,
0x25ec8, 0x25ed0, 0x25ecf, 0x25ed6, 0x25ee3, 0x25edd, 0x25eda, 0x25edb, 0x25ee2, 0x25ee1, 0x25ee8, 0x25ee9,
0x25eec, 0x25ef1, 0x25ef3, 0x25ef0, 0x25ef4, 0x25ef8, 0x25efe, 0x25f03, 0x25f09, 0x25f5d, 0x25f5c, 0x25f0b,
0x25f11, 0x25f16, 0x25f29, 0x25f2d, 0x25f38, 0x25f41, 0x25f48, 0x25f4c, 0x25f4e, 0x25f2f, 0x25f51, 0x25f56,
0x25f57, 0x25f59, 0x25f61, 0x25f6d, 0x25f73, 0x25f77, 0x25f83, 0x25f82, 0x25f7f, 0x25f8a, 0x25f88, 0x25f91,
0x25f87, 0x25f9e, 0x25f99, 0x25f98, 0x25fa0, 0x25fa8, 0x25fad, 0x25fbc, 0x25fd6, 0x25ffb, 0x25fe4, 0x25ff8,
0x25ff1, 0x25fdd, 0x260b3, 0x25fff, 0x26021, 0x26060, 0x4fffd, 0x26019, 0x26010, 0x26029, 0x2600e, 0x26031,
0x2601b, 0x26015, 0x2602b, 0x26026, 0x2600f, 0x2603a, 0x2605a, 0x26041, 0x2606a, 0x26077, 0x2605f, 0x2604a,
0x26046, 0x2604d, 0x26063, 0x26043, 0x26064, 0x26042, 0x2606c, 0x2606b, 0x26059, 0x26081, 0x2608d, 0x260e7,
0x26083, 0x2609a, 0x26084, 0x2609b, 0x26096, 0x26097, 0x26092, 0x260a7, 0x2608b, 0x260e1, 0x260b8, 0x260e0,
0x260d3, 0x260b4, 0x25ff0, 0x260bd, 0x260c6, 0x260b5, 0x260d8, 0x2614d, 0x26115, 0x26106, 0x260f6, 0x260f7,
0x26100, 0x260f4, 0x260fa, 0x26103, 0x26121, 0x260fb, 0x260f1, 0x2610d, 0x2610e, 0x26147, 0x2613e, 0x26128,
0x26127, 0x2614a, 0x2613f, 0x2613c, 0x2612c, 0x26134, 0x2613d, 0x26142, 0x26144, 0x26173, 0x26177, 0x26158,
0x26159, 0x2615a, 0x2616b, 0x26174, 0x2616f, 0x26165, 0x26171, 0x2615f, 0x2615d, 0x26153, 0x26175, 0x26199,
0x26196, 0x26187, 0x261ac, 0x26194, 0x2619a, 0x2618a, 0x26191, 0x261ab, 0x261ae, 0x261cc, 0x261ca, 0x261c9,
0x261f7, 0x261c8, 0x261c3, 0x261c6, 0x261ba, 0x261cb, 0x27f79, 0x261cd, 0x261e6, 0x261e3, 0x261f6, 0x261fa,
0x261f4, 0x261ff, 0x261fd, 0x261fc, 0x261fe, 0x26200, 0x26208, 0x26209, 0x2620d, 0x2620c, 0x26214, 0x2621b,
0x2621e, 0x26221, 0x2622a, 0x2622e, 0x26230, 0x26232, 0x26233, 0x26241, 0x2624e, 0x2625e, 0x26263, 0x2625b,
0x26260, 0x26268, 0x2627c, 0x26282, 0x26289, 0x2627e, 0x26292, 0x26293, 0x26296, 0x262d4, 0x26283, 0x26294,
0x262d7, 0x262d1, 0x262bb, 0x262cf, 0x262ff, 0x262c6, 0x264d4, 0x262c8, 0x262dc, 0x262cc, 0x262ca, 0x262c2,
0x262c7, 0x2629b, 0x262c9, 0x2630c, 0x262ee, 0x262f1, 0x26327, 0x26302, 0x26308, 0x262ef, 0x262f5, 0x26350,
0x2633e, 0x2634d, 0x2641c, 0x2634f, 0x26396, 0x2638e, 0x26380, 0x263ab, 0x26376, 0x263a3, 0x2638f, 0x26389,
0x2639f, 0x263b5, 0x2636b, 0x4fffd, 0x26369, 0x263be, 0x263e9, 0x263c0, 0x263c6, 0x263e3, 0x263c9, 0x263d2,
0x263f6, 0x263c4, 0x26416, 0x26434, 0x26406, 0x26413, 0x26426, 0x26436, 0x2651d, 0x26417, 0x26428, 0x2640f,
0x26467, 0x2646f, 0x26476, 0x2644e, 0x2652a, 0x26495, 0x26493, 0x264a5, 0x264a9, 0x26488, 0x264bc, 0x264da,
0x264d2, 0x264c5, 0x264c7, 0x264bb, 0x264d8, 0x264c2, 0x264f1, 0x264e7, 0x28209, 0x264e0, 0x264e1, 0x262ac,
0x264e3, 0x264ef, 0x2652c, 0x264f6, 0x264f4, 0x264f2, 0x264fa, 0x26500, 0x264fd, 0x26518, 0x2651c, 0x26505,
0x26524, 0x26523, 0x2652b, 0x26534, 0x26535, 0x26537, 0x26536, 0x26538, 0x2754b, 0x26548, 0x26556, 0x26555,
0x2654d, 0x26558, 0x2655e, 0x2655d, 0x26572, 0x26578, 0x26582, 0x26583, 0x28b8a, 0x2659b, 0x2659f, 0x265ab,
0x265b7, 0x265c3, 0x265c6, 0x265c1, 0x265c4, 0x265cc, 0x265d2, 0x265db, 0x265d9, 0x265e0, 0x265e1, 0x265f1,
0x26772, 0x2660a, 0x26603, 0x265fb, 0x26773, 0x26635, 0x26636, 0x26634, 0x2661c, 0x2664f, 0x26644, 0x26649,
0x26641, 0x2665e, 0x2665d, 0x26664, 0x26667, 0x26668, 0x2665f, 0x26662, 0x26670, 0x26683, 0x26688, 0x2668e,
0x26689, 0x26684, 0x26698, 0x2669d, 0x266c1, 0x266b9, 0x266c9, 0x266be, 0x266bc, 0x266c4, 0x266b8, 0x266d6,
0x266da, 0x266e0, 0x2663f, 0x266e6, 0x266e9, 0x266f0, 0x266f5, 0x266f7, 0x2670f, 0x26716, 0x2671e, 0x26726,
0x26727, 0x29738, 0x2672e, 0x2673f, 0x26736, 0x26741, 0x26738, 0x26737, 0x26746, 0x2675e, 0x26760, 0x26759,
0x26763, 0x26764, 0x26789, 0x26770, 0x267a9, 0x2677c, 0x2676a, 0x2678c, 0x2678b, 0x267a6, 0x267a1, 0x26785,
0x267b7, 0x267ef, 0x267b4, 0x267ec, 0x267b3, 0x267e9, 0x267b8, 0x267e4, 0x267de, 0x267dd, 0x267e2, 0x267ee,
0x267b9, 0x267ce, 0x267c6, 0x267e7, 0x26a9c, 0x2681e, 0x26846, 0x26829, 0x26840, 0x2684d, 0x26832, 0x2684e,
0x4fffd, 0x268b3, 0x2682b, 0x26859, 0x26863, 0x26877, 0x2687f, 0x2689f, 0x2688f, 0x268ad, 0x26894, 0x2689d,
0x2689b, 0x26883, 0x26aae, 0x268b9, 0x26874, 0x268b5, 0x268a0, 0x268ba, 0x2690f, 0x2688d, 0x2687e, 0x26901,
0x268ca, 0x26908, 0x268d8, 0x26922, 0x26926, 0x268e1, 0x2690c, 0x268cd, 0x268d4, 0x268e7, 0x268d5, 0x26936,
0x26912, 0x26904, 0x268d7, 0x268e3, 0x26925, 0x268f9, 0x268e0, 0x268ef, 0x26928, 0x2692a, 0x2691a, 0x26923,
0x26921, 0x268c6, 0x26979, 0x26977, 0x2695c, 0x26978, 0x2696b, 0x26954, 0x2697e, 0x2696e, 0x26939, 0x26974,
0x2693d, 0x26959, 0x26930, 0x26961, 0x2695e, 0x2695d, 0x26981, 0x2696a, 0x269b2, 0x269ae, 0x269d0, 0x269bf,
0x269c1, 0x269d3, 0x269be, 0x269ce, 0x25be8, 0x269ca, 0x269dd, 0x269bb, 0x269c3, 0x269a7, 0x26a2e, 0x26991,
0x269a0, 0x2699c, 0x26995, 0x269b4, 0x269de, 0x269e8, 0x26a02, 0x26a1b, 0x269ff, 0x26b0a, 0x269f9, 0x269f2,
0x269e7, 0x26a05, 0x269b1, 0x26a1e, 0x269ed, 0x26a14, 0x269eb, 0x26a0a, 0x26a12, 0x26ac1, 0x26a23, 0x26a13,
0x26a44, 0x26a0c, 0x26a72, 0x26a36, 0x26a78, 0x26a47, 0x26a62, 0x26a59, 0x26a66, 0x26a48, 0x26a38, 0x26a22,
0x26a90, 0x26a8d, 0x26aa0, 0x26a84, 0x26aa2, 0x26aa3, 0x26a97, 0x28617, 0x26abb, 0x26ac3, 0x26ac2, 0x26ab8,
0x26ab3, 0x26aac, 0x26ade, 0x26ad1, 0x26adf, 0x26aaa, 0x26ada, 0x26aea, 0x26afb, 0x26b05, 0x28616, 0x26afa,
0x26b12, 0x26b16, 0x29b31, 0x26b1f, 0x26b38, 0x26b37, 0x276dc, 0x26b39, 0x298ee, 0x26b47, 0x26b43, 0x26b49,
0x26b50, 0x26b59, 0x26b54, 0x26b5b, 0x26b5f, 0x26b61, 0x26b78, 0x26b79, 0x26b7f, 0x26b80, 0x26b84, 0x26b83,
0x26b8d, 0x26b98, 0x26b95, 0x26b9e, 0x26ba4, 0x26baa, 0x26bab, 0x26baf, 0x26bb2, 0x26bb1, 0x26bb3, 0x26bb7,
0x26bbc, 0x26bc6, 0x26bcb, 0x26bd3, 0x26bdf, 0x26bec, 0x26beb, 0x26bf3, 0x26bef, 0x4fffd, 0x29ebe, 0x26c08,
0x26c13, 0x26c14, 0x26c1b, 0x26c24, 0x26c23, 0x26c5e, 0x26c55, 0x26c62, 0x26c6a, 0x26c82, 0x26c8d, 0x26c9a,
0x26c81, 0x26c9b, 0x26c7e, 0x26c68, 0x26c73, 0x26c92, 0x26c90, 0x26cc4, 0x26cf1, 0x26cd3, 0x26cbd, 0x26cd7,
0x26cc5, 0x26cdd, 0x26cae, 0x26cb1, 0x26cbe, 0x26cba, 0x26cdb, 0x26cef, 0x26cd9, 0x26cea, 0x26d1f, 0x2884d,
0x26d36, 0x26d2b, 0x26d3d, 0x26d38, 0x26d19, 0x26d35, 0x26d33, 0x26d12, 0x26d0c, 0x26d63, 0x26d93, 0x26d64,
0x26d5a, 0x26d79, 0x26d59, 0x26d8e, 0x26d95, 0x26fe4, 0x26d85, 0x26df9, 0x26e15, 0x26e0a, 0x26db5, 0x26dc7,
0x26de6, 0x26db8, 0x26dc6, 0x26dec, 0x26dde, 0x26dcc, 0x26de8, 0x26dd2, 0x26dc5, 0x26dfa, 0x26dd9, 0x26de4,
0x26dd5, 0x26dea, 0x26dee, 0x26e2d, 0x26e6e, 0x26e2e, 0x26e19, 0x26e72, 0x26e5f, 0x26e3e, 0x26e23, 0x26e6b,
0x26e2b, 0x26e76, 0x26e4d, 0x26e1f, 0x26e43, 0x26e3a, 0x26e4e, 0x26e24, 0x26eff, 0x26e1d, 0x26e38, 0x26e82,
0x26eaa, 0x26e98, 0x26ec9, 0x26eb7, 0x26ed3, 0x26ebd, 0x26eaf, 0x26ec4, 0x26eb2, 0x26ed4, 0x26ed5, 0x26e8f,
0x26ea5, 0x26ec2, 0x26e9f, 0x26f41, 0x26f11, 0x2704c, 0x26eec, 0x26ef8, 0x26efe, 0x26f3f, 0x26ef2, 0x26f31,
0x26eef, 0x26f32, 0x26ecc, 0x26f3e, 0x26f13, 0x26ef7, 0x26f86, 0x26f7a, 0x26f78, 0x26f81, 0x26f80, 0x26f6f,
0x26f5b, 0x26ff3, 0x26f6d, 0x26f82, 0x26f7c, 0x26f58, 0x26f8e, 0x26f91, 0x26fc2, 0x26f66, 0x26fb3, 0x26fa3,
0x26fa1, 0x26fa4, 0x26fb9, 0x26fc6, 0x26faa, 0x26fdf, 0x26fd5, 0x26fec, 0x26fd4, 0x26fd8, 0x26ff1, 0x26fee,
0x26fdb, 0x27009, 0x2700b, 0x26ffa, 0x27011, 0x27001, 0x2700f, 0x26ffe, 0x2701b, 0x2701a, 0x26f74, 0x2701d,
0x27018, 0x2701f, 0x27030, 0x2703e, 0x27032, 0x27051, 0x27063, 0x27099, 0x27092, 0x270af, 0x270f1, 0x270ac,
0x270b8, 0x270b3, 0x270ae, 0x270df, 0x270cb, 0x270dd, 0x4fffd, 0x270d9, 0x27109, 0x270fd, 0x2711c, 0x27119,
0x27165, 0x27155, 0x27188, 0x27166, 0x27162, 0x2714c, 0x27156, 0x2716c, 0x2718f, 0x271fb, 0x27184, 0x27195,
0x271a8, 0x271ac, 0x271d7, 0x271b9, 0x271be, 0x271d2, 0x271c9, 0x271d4, 0x271ce, 0x271e0, 0x271ec, 0x271e7,
0x271f5, 0x271fc, 0x271f9, 0x271ff, 0x2720d, 0x27210, 0x2721b, 0x27228, 0x2722d, 0x2722c, 0x27230, 0x27232,
0x2723b, 0x2723c, 0x2723f, 0x27240, 0x27246, 0x2724b, 0x27258, 0x27274, 0x2727e, 0x27282, 0x27281, 0x27287,
0x27292, 0x27296, 0x272a2, 0x272a7, 0x272b9, 0x272b2, 0x272c3, 0x272c6, 0x272c4, 0x272ce, 0x272d2, 0x272e2,
0x272e0, 0x272e1, 0x272f9, 0x272f7, 0x2500f, 0x27317, 0x2730a, 0x2731c, 0x27316, 0x2731d, 0x27334, 0x2732f,
0x27329, 0x27325, 0x2733e, 0x2734e, 0x2734f, 0x29ed8, 0x27357, 0x2736a, 0x27368, 0x27370, 0x27378, 0x27375,
0x2737b, 0x2737a, 0x273c8, 0x273b3, 0x273ce, 0x273bb, 0x273c0, 0x273e5, 0x273ee, 0x273de, 0x274a2, 0x27405,
0x2746f, 0x27425, 0x273f8, 0x27432, 0x2743a, 0x27455, 0x2743f, 0x2745f, 0x27459, 0x27441, 0x2745c, 0x27469,
0x27470, 0x27463, 0x2746a, 0x27476, 0x2747e, 0x2748b, 0x2749e, 0x274a7, 0x274ca, 0x274cf, 0x274d4, 0x273f1,
0x274e0, 0x274e3, 0x274e7, 0x274e9, 0x274ee, 0x274f2, 0x274f0, 0x274f1, 0x274f8, 0x274f7, 0x27504, 0x27503,
0x27505, 0x2750c, 0x2750e, 0x2750d, 0x27515, 0x27513, 0x2751e, 0x27526, 0x2752c, 0x2753c, 0x27544, 0x2754d,
0x2754a, 0x27549, 0x2755b, 0x27546, 0x2755a, 0x27569, 0x27564, 0x27567, 0x2756b, 0x2756d, 0x27578, 0x27576,
0x27586, 0x27587, 0x27574, 0x2758a, 0x27589, 0x27582, 0x27594, 0x2759a, 0x2759d, 0x275a5, 0x275a3, 0x275c2,
0x275b3, 0x275c3, 0x275b5, 0x275bd, 0x275b8, 0x275bc, 0x275b1, 0x275cd, 0x275ca, 0x275d2, 0x275d9, 0x275e3,
0x275de, 0x275fe, 0x275ff, 0x4fffd, 0x275fc, 0x27601, 0x275f0, 0x275fa, 0x275f2, 0x275f3, 0x2760b, 0x2760d,
0x27609, 0x2761f, 0x27627, 0x27620, 0x27621, 0x27622, 0x27624, 0x27634, 0x27630, 0x2763b, 0x27647, 0x27648,
0x27646, 0x2765c, 0x27658, 0x27661, 0x27662, 0x27668, 0x27669, 0x2766a, 0x27667, 0x2766c, 0x27670, 0x27672,
0x27676, 0x27678, 0x2767c, 0x27680, 0x27683, 0x27688, 0x2768b, 0x2768e, 0x27696, 0x27693, 0x27699, 0x2769a,
0x276b0, 0x276b4, 0x276b8, 0x276b9, 0x276ba, 0x276c2, 0x276cd, 0x276d6, 0x276d2, 0x276de, 0x276e1, 0x276e5,
0x276e7, 0x276ea, 0x2862f, 0x276fb, 0x27708, 0x27707, 0x27704, 0x27729, 0x27724, 0x2771e, 0x27725, 0x27726,
0x2771b, 0x27737, 0x27738, 0x27747, 0x2775a, 0x27768, 0x2776b, 0x2775b, 0x27765, 0x2777f, 0x2777e, 0x27779,
0x2778e, 0x2778b, 0x27791, 0x277a0, 0x2779e, 0x277b0, 0x277b6, 0x277b9, 0x277bf, 0x277bc, 0x277bd, 0x277bb,
0x277c7, 0x277cd, 0x277d7, 0x277da, 0x277dc, 0x277e3, 0x277ee, 0x277fc, 0x2780c, 0x27812, 0x27926, 0x27820,
0x2792a, 0x27845, 0x2788e, 0x27874, 0x27886, 0x2787c, 0x2789a, 0x2788c, 0x278a3, 0x278b5, 0x278aa, 0x278af,
0x278d1, 0x278c6, 0x278cb, 0x278d4, 0x278be, 0x278bc, 0x278c5, 0x278ca, 0x278ec, 0x278e7, 0x278da, 0x278fd,
0x278f4, 0x27907, 0x27912, 0x27911, 0x27919, 0x2792c, 0x2792b, 0x27940, 0x27960, 0x27957, 0x2795f, 0x2795a,
0x27955, 0x27953, 0x2797a, 0x2797f, 0x2798a, 0x2799d, 0x279a7, 0x29f4b, 0x279aa, 0x279ae, 0x279b3, 0x279b9,
0x279ba, 0x279c9, 0x279d5, 0x279e7, 0x279ec, 0x279e1, 0x279e3, 0x27a08, 0x27a0d, 0x27a18, 0x27a19, 0x27a20,
0x27a1f, 0x27980, 0x27a31, 0x27a3b, 0x27a3e, 0x27a37, 0x27a43, 0x27a57, 0x27a49, 0x27a61, 0x27a62, 0x27a69,
0x29f9d, 0x27a70, 0x27a79, 0x27a7d, 0x27a88, 0x27a97, 0x27a95, 0x27a98, 0x27a96, 0x27aa9, 0x27ac8, 0x27ab0,
0x4fffd, 0x27ab6, 0x27ac5, 0x27ac4, 0x27abf, 0x29083, 0x27ac7, 0x27aca, 0x27acd, 0x27acf, 0x27ad5, 0x27ad3,
0x27ad9, 0x27ada, 0x27add, 0x27ae1, 0x27ae2, 0x27ae6, 0x27aed, 0x27af0, 0x27b02, 0x27b0f, 0x27b0a, 0x27b06,
0x27b33, 0x27b18, 0x27b19, 0x27b1e, 0x27b35, 0x27b28, 0x27b36, 0x27b50, 0x27b7a, 0x27b04, 0x27b4d, 0x27b0b,
0x27b4c, 0x27b45, 0x27b75, 0x27b65, 0x27b74, 0x27b67, 0x27b70, 0x27b71, 0x27b6c, 0x27b6e, 0x27b9d, 0x27b98,
0x27b9f, 0x27b8d, 0x27b9c, 0x27b9a, 0x27b8b, 0x27b92, 0x27b8f, 0x27b5d, 0x27b99, 0x27bcb, 0x27bc1, 0x27bcc,
0x27bcf, 0x27bb4, 0x27bc6, 0x27bdd, 0x27be9, 0x27c11, 0x27c14, 0x27be6, 0x27be5, 0x27c60, 0x27c00, 0x27c07,
0x27c13, 0x27bf3, 0x27bf7, 0x27c17, 0x27c0d, 0x27bf6, 0x27c23, 0x27c27, 0x27c2a, 0x27c1f, 0x27c37, 0x27c2b,
0x27c3d, 0x27c4c, 0x27c43, 0x27c54, 0x27c4f, 0x27c40, 0x27c50, 0x27c58, 0x27c5f, 0x27c64, 0x27c56, 0x27c65,
0x27c6c, 0x27c75, 0x27c83, 0x27c90, 0x27ca4, 0x27cad, 0x27ca2, 0x27cab, 0x27ca1, 0x27ca8, 0x27cb3, 0x27cb2,
0x27cb1, 0x27cae, 0x27cb9, 0x27cbd, 0x27cc0, 0x27cc5, 0x27cc2, 0x27cd8, 0x27cd2, 0x27cdc, 0x27ce2, 0x29b3b,
0x27cef, 0x27cf2, 0x27cf4, 0x27cf6, 0x27cfa, 0x27d06, 0x27d02, 0x27d1c, 0x27d15, 0x27d0a, 0x27d45, 0x27d4b,
0x27d2e, 0x27d32, 0x27d3f, 0x27d35, 0x27d46, 0x27d73, 0x27d56, 0x27d4e, 0x27d72, 0x27d68, 0x27d6e, 0x27d4f,
0x27d63, 0x27d93, 0x27d89, 0x27d5b, 0x27d8f, 0x27d7d, 0x27d9b, 0x27dba, 0x27dae, 0x27da3, 0x27db5, 0x27dc7,
0x27dbd, 0x27dab, 0x27e3d, 0x27da2, 0x27daf, 0x27ddc, 0x27db8, 0x27d9f, 0x27db0, 0x27dd8, 0x27ddd, 0x27de4,
0x27dde, 0x27dfb, 0x27df2, 0x27de1, 0x27e05, 0x27e0a, 0x27e23, 0x27e21, 0x27e12, 0x27e31, 0x27e1f, 0x27e09,
0x27e0b, 0x27e22, 0x27e46, 0x27e66, 0x27e3b, 0x27e35, 0x27e39, 0x27e43, 0x27e37, 0x4fffd, 0x27e32, 0x27e3a,
0x27e67, 0x27e5d, 0x27e56, 0x27e5e, 0x27e59, 0x27e5a, 0x27e79, 0x27e6a, 0x27e69, 0x27e7c, 0x27e7b, 0x27e83,
0x27dd5, 0x27e7d, 0x28fae, 0x27e7f, 0x27e88, 0x27e89, 0x27e8c, 0x27e92, 0x27e90, 0x27e93, 0x27e94, 0x27e96,
0x27e8e, 0x27e9b, 0x27e9c, 0x27f38, 0x27f3a, 0x27f45, 0x27f4c, 0x27f4d, 0x27f4e, 0x27f50, 0x27f51, 0x27f55,
0x27f54, 0x27f58, 0x27f5f, 0x27f60, 0x27f68, 0x27f69, 0x27f67, 0x27f78, 0x27f82, 0x27f86, 0x27f83, 0x27f88,
0x27f87, 0x27f8c, 0x27f94, 0x27f9e, 0x27f9d, 0x27f9a, 0x27fa3, 0x27faf, 0x27fb2, 0x27fb9, 0x27fae, 0x27fb6,
0x27fb8, 0x28b71, 0x27fc5, 0x27fc6, 0x27fca, 0x27fd5, 0x27fd4, 0x27fe1, 0x27fe6, 0x27fe9, 0x27ff3, 0x27ff9,
0x298dc, 0x28006, 0x28004, 0x2800b, 0x28012, 0x28018, 0x28019, 0x2801c, 0x28021, 0x28028, 0x2803f, 0x2803b,
0x2804a, 0x28046, 0x28052, 0x28058, 0x2805a, 0x2805f, 0x28062, 0x28068, 0x28073, 0x28072, 0x28070, 0x28076,
0x28079, 0x2807d, 0x2807f, 0x28084, 0x28086, 0x28085, 0x2809b, 0x28093, 0x2809a, 0x280ad, 0x25190, 0x280ac,
0x280db, 0x280e5, 0x280d9, 0x280dd, 0x280c4, 0x280da, 0x280d6, 0x28109, 0x280ef, 0x280f1, 0x2811b, 0x28129,
0x28123, 0x2812f, 0x2814b, 0x2968b, 0x28146, 0x2813e, 0x28153, 0x28151, 0x280fc, 0x28171, 0x2816e, 0x28165,
0x28166, 0x28174, 0x28183, 0x28188, 0x2818a, 0x28180, 0x28182, 0x281a0, 0x28195, 0x281a4, 0x281a3, 0x2815f,
0x28193, 0x281a9, 0x281b0, 0x281b5, 0x281be, 0x281b8, 0x281bd, 0x281c0, 0x281c2, 0x281ba, 0x281c9, 0x281cd,
0x281d1, 0x281d9, 0x281d8, 0x281c8, 0x281da, 0x281df, 0x281e0, 0x281e7, 0x281fa, 0x281fb, 0x281fe, 0x28201,
0x28202, 0x28205, 0x28207, 0x2820a, 0x2820d, 0x28210, 0x28216, 0x28229, 0x2822b, 0x28238, 0x28233, 0x28240,
0x28259, 0x28258, 0x2825d, 0x2825a, 0x2825f, 0x28264, 0x4fffd, 0x28262, 0x28268, 0x2826a, 0x2826b, 0x2822e,
0x28271, 0x28277, 0x28278, 0x2827e, 0x2828d, 0x28292, 0x282ab, 0x2829f, 0x282bb, 0x282ac, 0x282e1, 0x282e3,
0x282df, 0x282d2, 0x282f4, 0x282f3, 0x282fa, 0x28393, 0x28303, 0x282fb, 0x282f9, 0x282de, 0x28306, 0x282dc,
0x28309, 0x282d9, 0x28335, 0x28334, 0x28316, 0x28332, 0x28331, 0x28340, 0x28339, 0x28350, 0x28345, 0x2832f,
0x2832b, 0x28317, 0x28318, 0x28385, 0x2839a, 0x283aa, 0x2839f, 0x283a2, 0x28396, 0x28323, 0x2838e, 0x28387,
0x2838a, 0x2837c, 0x283b5, 0x28373, 0x28375, 0x283a0, 0x28389, 0x283a8, 0x283f4, 0x28413, 0x283eb, 0x283ce,
0x283fd, 0x28403, 0x283d8, 0x2840b, 0x283c1, 0x283f7, 0x28407, 0x283e0, 0x283f2, 0x2840d, 0x28422, 0x28420,
0x283bd, 0x28438, 0x28506, 0x283fb, 0x2846d, 0x2842a, 0x2843c, 0x2855a, 0x28484, 0x28477, 0x2846b, 0x284ad,
0x2846e, 0x28482, 0x28469, 0x28446, 0x2842c, 0x2846f, 0x28479, 0x28435, 0x284ca, 0x28462, 0x284b9, 0x284bf,
0x2849f, 0x284d9, 0x284cd, 0x284bb, 0x284da, 0x284d0, 0x284c1, 0x284c6, 0x284d6, 0x284a1, 0x28521, 0x284ff,
0x284f4, 0x28517, 0x28518, 0x2852c, 0x2851f, 0x28515, 0x28514, 0x284fc, 0x28540, 0x28563, 0x28558, 0x28548,
0x28541, 0x28602, 0x2854b, 0x28555, 0x28580, 0x285a4, 0x28588, 0x28591, 0x2858a, 0x285a8, 0x2856d, 0x28594,
0x2859b, 0x285ea, 0x28587, 0x2859c, 0x28577, 0x2857e, 0x28590, 0x285c9, 0x285ba, 0x285cf, 0x285b9, 0x285d0,
0x285d5, 0x285dd, 0x285e5, 0x285dc, 0x285f9, 0x2860a, 0x28613, 0x2860b, 0x285fe, 0x285fa, 0x28606, 0x28622,
0x2861a, 0x28630, 0x2863f, 0x2864d, 0x24e55, 0x28654, 0x2865f, 0x28667, 0x28671, 0x28693, 0x286a3, 0x286a9,
0x286aa, 0x2868b, 0x2868c, 0x286b6, 0x286af, 0x286c4, 0x286c6, 0x286b0, 0x286c9, 0x28823, 0x286ab, 0x286d4,
0x286de, 0x286e9, 0x286ec, 0x4fffd, 0x286df, 0x286db, 0x286ef, 0x28712, 0x28706, 0x28708, 0x28700, 0x28703,
0x286fb, 0x28711, 0x28709, 0x2870d, 0x286f9, 0x2870a, 0x28734, 0x2873f, 0x28737, 0x2873b, 0x28725, 0x28729,
0x2871a, 0x28760, 0x2875f, 0x28778, 0x2874c, 0x2874e, 0x28774, 0x28757, 0x28768, 0x2876e, 0x28759, 0x28753,
0x28763, 0x2876a, 0x28805, 0x287a2, 0x2879f, 0x28782, 0x287af, 0x287cb, 0x287bd, 0x287c0, 0x287d0, 0x296d6,
0x287ab, 0x287c4, 0x287b3, 0x287c7, 0x287c6, 0x287bb, 0x287ef, 0x287f2, 0x287e0, 0x2880f, 0x2880d, 0x287fe,
0x287f6, 0x287f7, 0x2880e, 0x287d2, 0x28811, 0x28816, 0x28815, 0x28822, 0x28821, 0x28831, 0x28836, 0x28839,
0x28827, 0x2883b, 0x28844, 0x28842, 0x28852, 0x28859, 0x2885e, 0x28862, 0x2886b, 0x28881, 0x2887e, 0x2889e,
0x28875, 0x2887d, 0x288b5, 0x28872, 0x28882, 0x28897, 0x28892, 0x288ae, 0x28899, 0x288a2, 0x2888d, 0x288a4,
0x288b0, 0x288bf, 0x288b1, 0x288c3, 0x288c4, 0x288d4, 0x288d8, 0x288d9, 0x288dd, 0x288f9, 0x28902, 0x288fc,
0x288f4, 0x288e8, 0x288f2, 0x28904, 0x2890c, 0x2890a, 0x28913, 0x28943, 0x2891e, 0x28925, 0x2892a, 0x2892b,
0x28941, 0x28944, 0x2893b, 0x28936, 0x28938, 0x2894c, 0x2891d, 0x28960, 0x2895e, 0x28966, 0x28964, 0x2896d,
0x2896a, 0x2896f, 0x28974, 0x28977, 0x2897e, 0x28983, 0x28988, 0x2898a, 0x28993, 0x28998, 0x289a1, 0x289a9,
0x289a6, 0x289ac, 0x289af, 0x289b2, 0x289ba, 0x289bd, 0x289bf, 0x289c0, 0x289da, 0x289dc, 0x289dd, 0x289e7,
0x289f4, 0x289f8, 0x28a03, 0x28a16, 0x28a10, 0x28a0c, 0x28a1b, 0x28a1d, 0x28a25, 0x28a36, 0x28a41, 0x28a5b,
0x28a52, 0x28a46, 0x28a48, 0x28a7c, 0x28a6d, 0x28a6c, 0x28a62, 0x28a85, 0x28a82, 0x28a84, 0x28aa8, 0x28aa1,
0x28a91, 0x28aa5, 0x28aa6, 0x28a9a, 0x28aa3, 0x28ac4, 0x28acd, 0x28ac2, 0x28ada, 0x28aeb, 0x28af3, 0x28ae7,
0x4fffd, 0x28ae4, 0x28af1, 0x28b14, 0x28ae0, 0x28ae2, 0x28af7, 0x28ade, 0x28adb, 0x28b0c, 0x28b07, 0x28b1a,
0x28ae1, 0x28b16, 0x28b10, 0x28b17, 0x28b20, 0x28b33, 0x297ab, 0x28b26, 0x28b2b, 0x28b3e, 0x28b28, 0x28b41,
0x28b4c, 0x28b4f, 0x28b4e, 0x28b49, 0x28b56, 0x28b5b, 0x28b5a, 0x28b6b, 0x28b5f, 0x28b6c, 0x28b6f, 0x28b74,
0x28b7d, 0x28b80, 0x28b8c, 0x28b8e, 0x28b92, 0x28b93, 0x28b96, 0x28b99, 0x28b9a, 0x28c3a, 0x28c41, 0x28c3f,
0x28c48, 0x28c4c, 0x28c4e, 0x28c50, 0x28c55, 0x28c62, 0x28c6c, 0x28c78, 0x28c7a, 0x28c82, 0x28c89, 0x28c85,
0x28c8a, 0x28c8d, 0x28c8e, 0x28c94, 0x28c7c, 0x28c98, 0x2621d, 0x28cad, 0x28caa, 0x28cbd, 0x28cb2, 0x28cb3,
0x28cae, 0x28cb6, 0x28cc8, 0x28cc1, 0x28ce4, 0x28ce3, 0x28cda, 0x28cfd, 0x28cfa, 0x28cfb, 0x28d04, 0x28d05,
0x28d0a, 0x28d07, 0x28d0f, 0x28d0d, 0x28d10, 0x29f4e, 0x28d13, 0x28ccd, 0x28d14, 0x28d16, 0x28d67, 0x28d6d,
0x28d71, 0x28d73, 0x28d81, 0x28d99, 0x28dc2, 0x28dbe, 0x28dba, 0x28dcf, 0x28dda, 0x28dd6, 0x28dcc, 0x28ddb,
0x28dcb, 0x28dea, 0x28deb, 0x28ddf, 0x28de3, 0x28dfc, 0x28e08, 0x28e09, 0x28dff, 0x28e1d, 0x28e1e, 0x28e10,
0x28e1f, 0x28e42, 0x28e35, 0x28e30, 0x28e34, 0x28e4a, 0x28e47, 0x28e49, 0x28e4c, 0x28e50, 0x28e48, 0x28e59,
0x28e64, 0x28e60, 0x28e2a, 0x28e63, 0x28e55, 0x28e76, 0x28e72, 0x28e7c, 0x28e81, 0x28e87, 0x28e85, 0x28e84,
0x28e8b, 0x28e8a, 0x28e93, 0x28e91, 0x28e94, 0x28e99, 0x28eaa, 0x28ea1, 0x28eac, 0x28eb0, 0x28ec6, 0x28eb1,
0x28ebe, 0x28ec5, 0x28ec8, 0x28ecb, 0x28edb, 0x28ee3, 0x28efc, 0x28efb, 0x28eeb, 0x28efe, 0x28f0a, 0x28f05,
0x28f15, 0x28f12, 0x28f19, 0x28f13, 0x28f1c, 0x28f1f, 0x28f1b, 0x28f0c, 0x28f26, 0x28f33, 0x28f3b, 0x28f39,
0x28f45, 0x28f42, 0x28f3e, 0x28f4c, 0x28f49, 0x28f46, 0x28f4e, 0x28f57, 0x28f5c, 0x4fffd, 0x28f62, 0x28f63,
0x28f64, 0x28f9c, 0x28f9f, 0x28fa3, 0x28fad, 0x28faf, 0x28fb7, 0x28fda, 0x28fe5, 0x28fe2, 0x28fea, 0x28fef,
0x29087, 0x28ff4, 0x29005, 0x28ff9, 0x28ffa, 0x29011, 0x29015, 0x29021, 0x2900d, 0x2901e, 0x29016, 0x2900b,
0x29027, 0x29036, 0x29035, 0x29039, 0x28ff8, 0x2904f, 0x29050, 0x29051, 0x29052, 0x2900e, 0x29049, 0x2903e,
0x29056, 0x29058, 0x2905e, 0x29068, 0x2906f, 0x29076, 0x296a8, 0x29072, 0x29082, 0x2907d, 0x29081, 0x29080,
0x2908a, 0x29089, 0x2908f, 0x290a8, 0x290af, 0x290b1, 0x290b5, 0x290e2, 0x290e4, 0x26248, 0x290db, 0x29102,
0x29112, 0x29119, 0x29132, 0x29130, 0x2914a, 0x29156, 0x29158, 0x29163, 0x29165, 0x29169, 0x29173, 0x29172,
0x2918b, 0x29189, 0x29182, 0x291a2, 0x291ab, 0x291af, 0x291aa, 0x291b5, 0x291b4, 0x291ba, 0x291c0, 0x291c1,
0x291c9, 0x291cb, 0x291d0, 0x291d6, 0x291df, 0x291e1, 0x291db, 0x291fc, 0x291f5, 0x291f6, 0x2921e, 0x291ff,
0x29214, 0x2922c, 0x29215, 0x29211, 0x2925e, 0x29257, 0x29245, 0x29249, 0x29264, 0x29248, 0x29295, 0x2923f,
0x2924b, 0x29250, 0x2929c, 0x29296, 0x29293, 0x2929b, 0x2925a, 0x292cf, 0x292b9, 0x292b7, 0x292e9, 0x2930f,
0x292fa, 0x29344, 0x2932e, 0x29319, 0x29322, 0x2931a, 0x29323, 0x2933a, 0x29335, 0x2933b, 0x2935c, 0x29360,
0x2937c, 0x2936e, 0x29356, 0x293b0, 0x293ac, 0x293ad, 0x29394, 0x293b9, 0x293d6, 0x293d7, 0x293e8, 0x293e5,
0x293d8, 0x293c3, 0x293dd, 0x293d0, 0x293c8, 0x293e4, 0x2941a, 0x29414, 0x29413, 0x29403, 0x29407, 0x29410,
0x29436, 0x2942b, 0x29435, 0x29421, 0x2943a, 0x29441, 0x29452, 0x29444, 0x2945b, 0x29460, 0x29462, 0x2945e,
0x2946a, 0x29229, 0x29470, 0x29475, 0x29477, 0x2947d, 0x2945a, 0x2947c, 0x2947e, 0x29481, 0x2947f, 0x29582,
0x29587, 0x2958a, 0x29594, 0x29596, 0x29598, 0x29599, 0x4fffd, 0x295a0, 0x295a8, 0x295a7, 0x295ad, 0x295bc,
0x295bb, 0x295b9, 0x295be, 0x295ca, 0x26ff6, 0x295c3, 0x295cd, 0x295cc, 0x295d5, 0x295d4, 0x295d6, 0x295dc,
0x295e1, 0x295e5, 0x295e2, 0x29621, 0x29628, 0x2962e, 0x2962f, 0x29642, 0x2964c, 0x2964f, 0x2964b, 0x29677,
0x2965c, 0x2965e, 0x2965d, 0x2965f, 0x29666, 0x29672, 0x2966c, 0x2968d, 0x29698, 0x29695, 0x29697, 0x296aa,
0x296a7, 0x296b1, 0x296b2, 0x296b0, 0x296b4, 0x296b6, 0x296b8, 0x296b9, 0x296ce, 0x296cb, 0x296c9, 0x296cd,
0x2894d, 0x296dc, 0x2970d, 0x296d5, 0x296f9, 0x29704, 0x29706, 0x29708, 0x29713, 0x2970e, 0x29711, 0x2970f,
0x29716, 0x29719, 0x29724, 0x2972a, 0x29730, 0x29739, 0x2973d, 0x2973e, 0x29744, 0x29746, 0x29748, 0x29742,
0x29749, 0x2975c, 0x29760, 0x29764, 0x29766, 0x29768, 0x252d2, 0x2976b, 0x29771, 0x29779, 0x29785, 0x2977c,
0x29781, 0x2977a, 0x29786, 0x2978b, 0x2978f, 0x29790, 0x2979c, 0x297a8, 0x297a6, 0x297a3, 0x297b3, 0x297b4,
0x297c3, 0x297c6, 0x297c8, 0x297cb, 0x297dc, 0x297ed, 0x29f4f, 0x297f2, 0x27adf, 0x297f6, 0x297f5, 0x2980f,
0x2980c, 0x29838, 0x29824, 0x29821, 0x29837, 0x2983d, 0x29846, 0x2984f, 0x2984b, 0x2986b, 0x2986f, 0x29870,
0x29871, 0x29874, 0x29873, 0x298aa, 0x298af, 0x298b1, 0x298b6, 0x298c4, 0x298c3, 0x298c6, 0x298e9, 0x298eb,
0x29903, 0x29909, 0x29912, 0x29914, 0x29918, 0x29921, 0x2991d, 0x2991e, 0x29924, 0x29920, 0x2992c, 0x2992e,
0x2993d, 0x2993e, 0x29942, 0x29949, 0x29945, 0x29950, 0x2994b, 0x29951, 0x29952, 0x2994c, 0x29955, 0x29997,
0x29998, 0x299a5, 0x299ad, 0x299ae, 0x299bc, 0x299df, 0x299db, 0x299dd, 0x299d8, 0x299d1, 0x299ed, 0x299ee,
0x299f1, 0x299f2, 0x299fb, 0x299f8, 0x29a01, 0x29a0f, 0x29a05, 0x299e2, 0x29a19, 0x29a2b, 0x29a37, 0x29a45,
0x29a42, 0x29a40, 0x29a43, 0x4fffd, 0x29a3e, 0x29a55, 0x29a4d, 0x29a5b, 0x29a57, 0x29a5f, 0x29a62, 0x29a65,
0x29a64, 0x29a69, 0x29a6b, 0x29a6a, 0x29aad, 0x29ab0, 0x29abc, 0x29ac0, 0x29acf, 0x29ad1, 0x29ad3, 0x29ad4,
0x29ade, 0x29adf, 0x29ae2, 0x29ae3, 0x29ae6, 0x29aef, 0x29aeb, 0x29aee, 0x29af4, 0x29af1, 0x29af7, 0x29afb,
0x29b06, 0x29b18, 0x29b1a, 0x29b1f, 0x29b22, 0x29b23, 0x29b25, 0x29b27, 0x29b28, 0x29b29, 0x29b2a, 0x29b2e,
0x29b2f, 0x29b32, 0x29b44, 0x29b43, 0x29b4f, 0x29b4d, 0x29b4e, 0x29b51, 0x29b58, 0x29b74, 0x29b93, 0x29b83,
0x29b91, 0x29b96, 0x29b97, 0x29b9f, 0x29ba0, 0x29ba8, 0x29bb4, 0x29bc0, 0x29bca, 0x29bb9, 0x29bc6, 0x29bcf,
0x29bd1, 0x29bd2, 0x29be3, 0x29be2, 0x29be4, 0x29bd4, 0x29be1, 0x29c3a, 0x29bf2, 0x29bf1, 0x29bf0, 0x29c15,
0x29c14, 0x29c09, 0x29c13, 0x29c0c, 0x29c06, 0x29c08, 0x29c12, 0x29c0a, 0x29c04, 0x29c2e, 0x29c1b, 0x29c25,
0x29c24, 0x29c21, 0x29c30, 0x29c47, 0x29c32, 0x29c46, 0x29c3e, 0x29c5a, 0x29c60, 0x29c67, 0x29c76, 0x29c78,
0x29ce7, 0x29cec, 0x29cf0, 0x29d09, 0x29d08, 0x29ceb, 0x29d03, 0x29d06, 0x29d2a, 0x29d26, 0x29daf, 0x29d23,
0x29d1f, 0x29d44, 0x29d15, 0x29d12, 0x29d41, 0x29d3f, 0x29d3e, 0x29d46, 0x29d48, 0x29d5d, 0x29d5e, 0x29d64,
0x29d51, 0x29d50, 0x29d59, 0x29d72, 0x29d89, 0x29d87, 0x29dab, 0x29d6f, 0x29d7a, 0x29d9a, 0x29da4, 0x29da9,
0x29db2, 0x29dc4, 0x29dc1, 0x29dbb, 0x29db8, 0x29dba, 0x29dc6, 0x29dcf, 0x29dc2, 0x29dd9, 0x29dd3, 0x29df8,
0x29de6, 0x29ded, 0x29def, 0x29dfd, 0x29e1a, 0x29e1b, 0x29e1e, 0x29e75, 0x29e79, 0x29e7d, 0x29e81, 0x29e88,
0x29e8b, 0x29e8c, 0x29e92, 0x29e95, 0x29e91, 0x29e9d, 0x29ea5, 0x29ea9, 0x29eb8, 0x29eaa, 0x29ead, 0x29761,
0x29ecc, 0x29ece, 0x29ecf, 0x29ed0, 0x29ed4, 0x29edc, 0x29ede, 0x29edd, 0x29ee0, 0x29ee5, 0x29ee8, 0x29eef,
0x4fffd, 0x29ef4, 0x29ef6, 0x29ef7, 0x29ef9, 0x29efb, 0x29efc, 0x29efd, 0x29f07, 0x29f08, 0x276b7, 0x29f15,
0x29f21, 0x29f2c, 0x29f3e, 0x29f4a, 0x29f52, 0x29f54, 0x29f63, 0x29f5f, 0x29f60, 0x29f61, 0x29f66, 0x29f67,
0x29f6c, 0x29f6a, 0x29f77, 0x29f72, 0x29f76, 0x29f95, 0x29f9c, 0x29fa0, 0x2582f, 0x269c7, 0x29059, 0x27464,
0x251dc, 0x27199, 0x4fffd, 0x4fffd, 0x4fffd, 0x4fffd, 0x4fffd, 0x4fffd, 0x4fffd, 0x4fffd, 0x4fffd, 0x4fffd,
0x4fffd, 0x4fffd, 0x4fffd, 0x4fffd, 0x4fffd, 0x4fffd, 0x4fffd, 0x4fffd, 0x4fffd, 0x4fffd, 0x4fffd, 0x4fffd,
0x4fffd, 0x4fffd, 0x4fffd, 0x4fffd, 0x4fffd, 0x4fffd, 0x4fffd, 0x4fffd, 0x4fffd, 0x4fffd, 0x4fffd, 0x4fffd,
0x4fffd, 0x4fffd, 0x4fffd, 0x4fffd, 0x4fffd, 0x4fffd, 0x4fffd, 0x4fffd, 0x4fffd, 0x4fffd, 0x4fffd, 0x4fffd,
0x4fffd, 0x4fffd, 0x4fffd, 0x4fffd, 0x4fffd, 0x4fffd, 0x4fffd, 0x4fffd, 0x4fffd, 0x4fffd, 0x4fffd, 0x4fffd,
0x4fffd, 0x4fffd, 0x4fffd, 0x4fffd, 0x4fffd, 0x4fffd, 0x4fffd, 0x4fffd, 0x4fffd, 0x4fffd, 0x4fffd, 0x4fffd,
0x0fffd, 0x0fffd, 0x4fffd, 0x4fffd, 0x0fffd, 0x4fffd, 0x4fffd, 0x4fffd, 0x4fffd, 0x4fffd, 0x4fffd, 0x4fffd,
0x4fffd, 0x4fffd, 0x4fffd, 0x4fffd, 0x4fffd, 0x4fffd, 0x4fffd, 0x4fffd, 0x4fffd, 0x4fffd, 0x4fffd, 0x4fffd,
0x4fffd, 0x4fffd, 0x4fffd, 0x4fffd, 0x4fffd, 0x4fffd, 0x4fffd, 0x4fffd, 0x4fffd, 0x4fffd, 0x4fffd, 0x4fffd,
0x4fffd, 0x4fffd, 0x4fffd, 0x4fffd, 0x4fffd, 0x4fffd, 0x4fffd, 0x4fffd, 0x4fffd, 0x4fffd, 0x4fffd, 0x4fffd,
0x4fffd, 0x4fffd, 0x4fffd, 0x4fffd, 0x4fffd, 0x4fffd, 0x4fffd, 0x4fffd, 0x4fffd, 0x4fffd, 0x4fffd, 0x4fffd,
0x4fffd, 0x4fffd, 0x4fffd, 0x4fffd, 0x4fffd, 0x4fffd, 0x4fffd, 0x4fffd, 0x4fffd, 0x4fffd, 0x4fffd, 0x4fffd,
0x4fffd, 0x4fffd, 0x4fffd, 0x4fffd, 0x4fffd, 0x4fffd, 0x4fffd, 0x4fffd, 0x4fffd, 0x4fffd, 0x4fffd, 0x4fffd,
0x4fffd, 0x4fffd, 0x4fffd, 0x4fffd, 0x4fffd, 0x4fffd, 0x4fffd, 0x4fffd, 0x4fffd, 0x4fffd, 0x4fffd, 0x4fffd,
0x4fffd, 0x4fffd, 0x4fffd, 0x4fffd, 0x4fffd, 0x4fffd, 0x4fffd, 0x4fffd, 0x4fffd, 0x4fffd, 0x4fffd, 0x4fffd,
0x4fffd, 0x4fffd, 0x4fffd, 0x4fffd, 0x4fffd, 0x4fffd, 0x4fffd, 0x4fffd, 0x4fffd, 0x4fffd, 0x4fffd, 0x4fffd,
0x4fffd, 0x4fffd, 0x4fffd, 0x4fffd, 0x4fffd, 0x4fffd, 0x4fffd, 0x4fffd, 0x4fffd, 0x4fffd, 0x4fffd, 0x4fffd,
0x4fffd, 0x4fffd, 0x4fffd, 0x4fffd, 0x4fffd, 0x4fffd, 0x4fffd, 0x4fffd, 0x4fffd, 0x4fffd, 0x4fffd, 0x4fffd,
0x4fffd, 0x4fffd, 0x4fffd, 0x4fffd, 0x4fffd, 0x4fffd, 0x4fffd, 0x4fffd, 0x4fffd, 0x4fffd, 0x4fffd, 0x4fffd,
0x4fffd, 0x4fffd, 0x4fffd, 0x4fffd, 0x4fffd, 0x4fffd, 0x4fffd, 0x4fffd, 0x4fffd, 0x4fffd, 0x4fffd, 0x4fffd,
0x4fffd, 0x4fffd, 0x4fffd, 0x4fffd, 0x4fffd, 0x4fffd, 0x4fffd, 0x4fffd, 0x4fffd, 0x4fffd, 0x4fffd, 0x4fffd,
0x4fffd, 0x4fffd, 0x4fffd, 0x4fffd, 0x4fffd, 0x4fffd, 0x4fffd, 0x4fffd, 0x4fffd, 0x4fffd, 0x4fffd, 0x4fffd,
0x4fffd, 0x4fffd, 0x4fffd, 0x4fffd, 0x4fffd, 0x4fffd, 0x4fffd, 0x4fffd, 0x4fffd, 0x4fffd, 0x4fffd, 0x4fffd,
0x4fffd, 0x4fffd, 0x4fffd, 0x4fffd, 0x4fffd, 0x4fffd, 0x4fffd, 0x4fffd, 0x4fffd, 0x4fffd, 0x4fffd, 0x4fffd,
0x4fffd, 0x4fffd, 0x4fffd, 0x4fffd, 0x4fffd, 0x4fffd, 0x4fffd, 0x4fffd, 0x4fffd, 0x4fffd, 0x4fffd, 0x4fffd,
0x4fffd, 0x4fffd, 0x4fffd, 0x4fffd, 0x4fffd, 0x4fffd, 0x4fffd, 0x4fffd, 0x4fffd, 0x4fffd, 0x4fffd, 0x4fffd,
0x4fffd, 0x4fffd, 0x4fffd, 0x4fffd, 0x4fffd, 0x4fffd, 0x4fffd, 0x4fffd, 0x4fffd, 0x4fffd, 0x4fffd, 0x4fffd,
0x4fffd, 0x4fffd, 0x4fffd, 0x4fffd, 0x4fffd, 0x4fffd, 0x4fffd, 0x4fffd, 0x4fffd, 0x4fffd, 0x4fffd, 0x4fffd,
0x4fffd, 0x4fffd, 0x4fffd, 0x4fffd, 0x4fffd, 0x4fffd, 0x4fffd, 0x4fffd, 0x4fffd, 0x4fffd, 0x4fffd, 0x4fffd,
0x4fffd, 0x4fffd, 0x4fffd, 0x4fffd, 0x4fffd, 0x4fffd, 0x4fffd, 0x4fffd, 0x4fffd, 0x4fffd, 0x4fffd, 0x4fffd,
0x4fffd, 0x4fffd, 0x4fffd, 0x4fffd, 0x4fffd, 0x4fffd, 0x4fffd, 0x4fffd, 0x4fffd, 0x4fffd, 0x4fffd, 0x4fffd,
0x4fffd, 0x4fffd, 0x4fffd, 0x4fffd, 0x4fffd, 0x4fffd, 0x4fffd, 0x4fffd, 0x4fffd, 0x4fffd, 0x4fffd, 0x4fffd,
0x4fffd, 0x4fffd, 0x4fffd, 0x4fffd, 0x4fffd, 0x4fffd, 0x4fffd, 0x4fffd, 0x4fffd, 0x4fffd, 0x4fffd, 0x4fffd,
0x4fffd, 0x4fffd, 0x4fffd, 0x4fffd, 0x4fffd, 0x4fffd, 0x4fffd, 0x4fffd, 0x4fffd, 0x4fffd, 0x4fffd, 0x4fffd,
0x4fffd, 0x4fffd, 0x4fffd, 0x4fffd, 0x4fffd, 0x4fffd, 0x4fffd, 0x4fffd, 0x4fffd, 0x4fffd, 0x4fffd, 0x4fffd,
0x4fffd, 0x4fffd, 0x4fffd, 0x4fffd, 0x4fffd, 0x4fffd, 0x4fffd, 0x4fffd, 0x4fffd, 0x4fffd, 0x4fffd, 0x4fffd,
0x4fffd, 0x4fffd, 0x4fffd, 0x4fffd, 0x4fffd, 0x4fffd, 0x4fffd, 0x4fffd, 0x4fffd, 0x4fffd, 0x4fffd, 0x4fffd,
0x4fffd, 0x4fffd, 0x4fffd, 0x4fffd, 0x4fffd, 0x4fffd, 0x4fffd, 0x4fffd, 0x4fffd, 0x4fffd, 0x4fffd, 0x4fffd,
0x4fffd, 0x4fffd, 0x4fffd, 0x4fffd, 0x4fffd, 0x4fffd, 0x4fffd, 0x4fffd, 0x4fffd, 0x4fffd, 0x4fffd, 0x4fffd,
0x07e8a, 0x0891c, 0x09348, 0x09288, 0x084dc, 0x04fc9, 0x070bb, 0x06631, 0x068c8, 0x092f9, 0x066fb, 0x05f45,
0x04e28, 0x04ee1, 0x04efc, 0x04f00, 0x04f03, 0x04f39, 0x04f56, 0x04f92, 0x04f8a, 0x04f9a, 0x04f94, 0x04fcd,
0x05040, 0x05022, 0x04fff, 0x0501e, 0x05046, 0x05070, 0x05042, 0x05094, 0x050f4, 0x050d8, 0x0514a, 0x05164,
0x0519d, 0x051be, 0x051ec, 0x05215, 0x0529c, 0x052a6, 0x052c0, 0x052db, 0x05300, 0x05307, 0x05324, 0x05372,
0x05393, 0x053b2, 0x053dd, 0x0fa0e, 0x0549c, 0x0548a, 0x054a9, 0x054ff, 0x05586, 0x05759, 0x05765, 0x057ac,
0x057c8, 0x057c7, 0x0fa0f, 0x4fffd, 0x0fa10, 0x0589e, 0x058b2, 0x0590b, 0x05953, 0x0595b, 0x0595d, 0x05963,
0x059a4, 0x059ba, 0x05b56, 0x05bc0, 0x0752f, 0x05bd8, 0x05bec, 0x05c1e, 0x05ca6, 0x05cba, 0x05cf5, 0x05d27,
0x05d53, 0x0fa11, 0x05d42, 0x05d6d, 0x05db8, 0x05db9, 0x05dd0, 0x05f21, 0x05f34, 0x05f67, 0x05fb7, 0x05fde,
0x0605d, 0x06085, 0x0608a, 0x060de, 0x060d5, 0x06120, 0x060f2, 0x06111, 0x06137, 0x06130, 0x06198, 0x06213,
0x062a6, 0x063f5, 0x06460, 0x0649d, 0x064ce, 0x0654e, 0x06600, 0x06615, 0x0663b, 0x06609, 0x0662e, 0x0661e,
0x06624, 0x06665, 0x06657, 0x06659, 0x0fa12, 0x06673, 0x06699, 0x066a0, 0x066b2, 0x066bf, 0x066fa, 0x0670e,
0x0f929, 0x06766, 0x067bb, 0x06852, 0x067c0, 0x06801, 0x06844, 0x068cf, 0x0fa13, 0x06968, 0x0fa14, 0x06998,
0x069e2, 0x06a30, 0x06a6b, 0x06a46, 0x06a73, 0x06a7e, 0x06ae2, 0x06ae4, 0x06bd6, 0x06c3f, 0x06c5c, 0x06c86,
0x06c6f, 0x06cda, 0x06d04, 0x06d87, 0x06d6f, 0x06d96, 0x06dac, 0x06dcf, 0x06df8, 0x06df2, 0x06dfc, 0x06e39,
0x06e5c, 0x06e27, 0x06e3c, 0x06ebf, 0x06f88, 0x06fb5, 0x06ff5, 0x07005, 0x07007, 0x07028, 0x07085, 0x070ab,
0x0710f, 0x07104, 0x0715c, 0x07146, 0x07147, 0x0fa15, 0x071c1, 0x071fe, 0x072b1, 0x072be, 0x07324, 0x0fa16,
0x07377, 0x073bd, 0x073c9, 0x073d6, 0x073e3, 0x073d2, 0x07407, 0x073f5, 0x07426, 0x0742a, 0x07429, 0x0742e,
0x07462, 0x07489, 0x0749f, 0x07501, 0x0756f, 0x07682, 0x0769c, 0x0769e, 0x0769b, 0x076a6, 0x0fa17, 0x07746,
0x052af, 0x07821, 0x0784e, 0x07864, 0x0787a, 0x07930, 0x0fa18, 0x0fa19, 0x0fa1a, 0x07994, 0x0fa1b, 0x0799b,
0x07ad1, 0x07ae7, 0x0fa1c, 0x07aeb, 0x07b9e, 0x0fa1d, 0x07d48, 0x07d5c, 0x07db7, 0x07da0, 0x07dd6, 0x07e52,
0x07f47, 0x07fa1, 0x0fa1e, 0x08301, 0x08362, 0x0837f, 0x083c7, 0x083f6, 0x08448, 0x084b4, 0x08553, 0x08559,
0x4fffd, 0x0856b, 0x0fa1f, 0x085b0, 0x0fa20, 0x0fa21, 0x08807, 0x088f5, 0x08a12, 0x08a37, 0x08a79, 0x08aa7,
0x08abe, 0x08adf, 0x0fa22, 0x08af6, 0x08b53, 0x08b7f, 0x08cf0, 0x08cf4, 0x08d12, 0x08d76, 0x0fa23, 0x08ecf,
0x0fa24, 0x0fa25, 0x09067, 0x090de, 0x0fa26, 0x09115, 0x09127, 0x091da, 0x091d7, 0x091de, 0x091ed, 0x091ee,
0x091e4, 0x091e5, 0x09206, 0x09210, 0x0920a, 0x0923a, 0x09240, 0x0923c, 0x0924e, 0x09259, 0x09251, 0x09239,
0x09267, 0x092a7, 0x09277, 0x09278, 0x092e7, 0x092d7, 0x092d9, 0x092d0, 0x0fa27, 0x092d5, 0x092e0, 0x092d3,
0x09325, 0x09321, 0x092fb, 0x0fa28, 0x0931e, 0x092ff, 0x0931d, 0x09302, 0x09370, 0x09357, 0x093a4, 0x093c6,
0x093de, 0x093f8, 0x09431, 0x09445, 0x09448, 0x09592, 0x0f9dc, 0x0fa29, 0x0969d, 0x096af, 0x09733, 0x0973b,
0x09743, 0x0974d, 0x0974f, 0x09751, 0x09755, 0x09857, 0x09865, 0x0fa2a, 0x0fa2b, 0x09927, 0x0fa2c, 0x0999e,
0x09a4e, 0x09ad9, 0x09adc, 0x09b75, 0x09b72, 0x09b8f, 0x09bb1, 0x09bbb, 0x09c00, 0x09d70, 0x09d6b, 0x0fa2d,
0x09e19, 0x09ed1, 0x4fffd, 0x4fffd, 0x02170, 0x02171, 0x02172, 0x02173, 0x02174, 0x02175, 0x02176, 0x02177,
0x02178, 0x02179, 0x0ffe2, 0x0ffe4, 0x0ff07, 0x0ff02, 0x4fffd, 0x4fffd, 0x4fffd, 0x4fffd, 0x4fffd, 0x4fffd,
0x4fffd, 0x4fffd, 0x4fffd, 0x4fffd, 0x4fffd, 0x4fffd, 0x4fffd, 0x4fffd, 0x4fffd, 0x4fffd, 0x4fffd, 0x4fffd,
0x4fffd, 0x4fffd, 0x4fffd, 0x4fffd, 0x4fffd, 0x4fffd, 0x4fffd, 0x4fffd, 0x4fffd, 0x4fffd, 0x4fffd, 0x4fffd,
0x4fffd, 0x4fffd, 0x4fffd, 0x4fffd, 0x4fffd, 0x4fffd, 0x4fffd, 0x4fffd, 0x4fffd, 0x4fffd, 0x4fffd, 0x4fffd,
0x4fffd, 0x4fffd, 0x4fffd, 0x4fffd, 0x4fffd, 0x4fffd, 0x4fffd, 0x4fffd, 0x4fffd, 0x4fffd, 0x4fffd, 0x4fffd,
0x4fffd, 0x4fffd, 0x4fffd, 0x4fffd, 0x4fffd, 0x4fffd, 0x4fffd, 0x4fffd, 0x4fffd, 0x4fffd, 0x4fffd, 0x4fffd,
0x4fffd, 0x4fffd, 0x4fffd, 0x4fffd, 0x4fffd, 0x4fffd, 0x4fffd, 0x4fffd, 0x4fffd, 0x4fffd, 0x4fffd, 0x4fffd,
0x4fffd, 0x4fffd, 0x4fffd, 0x4fffd, 0x4fffd, 0x4fffd, 0x4fffd, 0x4fffd, 0x4fffd, 0x4fffd, 0x4fffd, 0x4fffd,
0x4fffd, 0x4fffd, 0x4fffd, 0x4fffd, 0x4fffd, 0x4fffd, 0x4fffd, 0x4fffd, 0x4fffd, 0x4fffd, 0x4fffd, 0x4fffd,
0x4fffd, 0x4fffd, 0x4fffd, 0x4fffd, 0x4fffd, 0x4fffd, 0x4fffd, 0x4fffd, 0x4fffd, 0x4fffd, 0x4fffd, 0x4fffd,
0x4fffd, 0x4fffd, 0x4fffd, 0x4fffd, 0x4fffd, 0x4fffd, 0x4fffd, 0x4fffd, 0x4fffd, 0x4fffd, 0x4fffd, 0x4fffd,
0x4fffd, 0x4fffd, 0x4fffd, 0x4fffd, 0x4fffd, 0x4fffd, 0x4fffd, 0x4fffd, 0x4fffd, 0x4fffd, 0x4fffd, 0x4fffd,
0x4fffd, 0x4fffd, 0x4fffd, 0x4fffd, 0x4fffd, 0x4fffd, 0x4fffd, 0x4fffd, 0x4fffd, 0x4fffd, 0x4fffd, 0x4fffd,
0x4fffd, 0x4fffd, 0x4fffd, 0x4fffd, 0x4fffd, 0x4fffd, 0x4fffd, 0x4fffd, 0x4fffd, 0x4fffd, 0x4fffd, 0x4fffd,
0x4fffd, 0x4fffd, 0x4fffd, 0x4fffd, 0x4fffd, 0x4fffd, 0x4fffd, 0x4fffd, 0x4fffd, 0x4fffd, 0x4fffd, 0x4fffd,
0x4fffd, 0x4fffd, 0x4fffd, 0x4fffd, 0x4fffd, 0x4fffd, 0x4fffd, 0x4fffd, 0x4fffd, 0x4fffd, 0x4fffd, 0x4fffd,
0x4fffd, 0x4fffd, 0x4fffd, 0x2e000, 0x2e001, 0x2e002, 0x2e003, 0x2e004, 0x2e005, 0x2e006, 0x2e007, 0x2e008,
0x2e009, 0x2e00a, 0x2e00b, 0x2e00c, 0x2e00d, 0x2e00e, 0x2e00f, 0x2e010, 0x2e011, 0x2e012, 0x2e013, 0x2e014,
0x2e015, 0x2e016, 0x2e017, 0x2e018, 0x2e019, 0x2e01a, 0x2e01b, 0x2e01c, 0x2e01d, 0x2e01e, 0x2e01f, 0x2e020,
0x2e021, 0x2e022, 0x2e023, 0x2e024, 0x2e025, 0x2e026, 0x2e027, 0x2e028, 0x2e029, 0x2e02a, 0x2e02b, 0x2e02c,
0x2e02d, 0x2e02e, 0x2e02f, 0x2e030, 0x2e031, 0x2e032, 0x2e033, 0x2e034, 0x2e035, 0x2e036, 0x2e037, 0x2e038,
0x2e039, 0x2e03a, 0x2e03b, 0x2e03c, 0x2e03d, 0x2e03e, 0x4fffd, 0x2e03f, 0x2e040, 0x2e041, 0x2e042, 0x2e043,
0x2e044, 0x2e045, 0x2e046, 0x2e047, 0x2e048, 0x2e049, 0x2e04a, 0x2e04b, 0x2e04c, 0x2e04d, 0x2e04e, 0x2e04f,
0x2e050, 0x2e051, 0x2e052, 0x2e053, 0x2e054, 0x2e055, 0x2e056, 0x2e057, 0x2e058, 0x2e059, 0x2e05a, 0x2e05b,
0x2e05c, 0x2e05d, 0x2e05e, 0x2e05f, 0x2e060, 0x2e061, 0x2e062, 0x2e063, 0x2e064, 0x2e065, 0x2e066, 0x2e067,
0x2e068, 0x2e069, 0x2e06a, 0x2e06b, 0x2e06c, 0x2e06d, 0x2e06e, 0x2e06f, 0x2e070, 0x2e071, 0x2e072, 0x2e073,
0x2e074, 0x2e075, 0x2e076, 0x2e077, 0x2e078, 0x2e079, 0x2e07a, 0x2e07b, 0x2e07c, 0x2e07d, 0x2e07e, 0x2e07f,
0x2e080, 0x2e081, 0x2e082, 0x2e083, 0x2e084, 0x2e085, 0x2e086, 0x2e087, 0x2e088, 0x2e089, 0x2e08a, 0x2e08b,
0x2e08c, 0x2e08d, 0x2e08e, 0x2e08f, 0x2e090, 0x2e091, 0x2e092, 0x2e093, 0x2e094, 0x2e095, 0x2e096, 0x2e097,
0x2e098, 0x2e099, 0x2e09a, 0x2e09b, 0x2e09c, 0x2e09d, 0x2e09e, 0x2e09f, 0x2e0a0, 0x2e0a1, 0x2e0a2, 0x2e0a3,
0x2e0a4, 0x2e0a5, 0x2e0a6, 0x2e0a7, 0x2e0a8, 0x2e0a9, 0x2e0aa, 0x2e0ab, 0x2e0ac, 0x2e0ad, 0x2e0ae, 0x2e0af,
0x2e0b0, 0x2e0b1, 0x2e0b2, 0x2e0b3, 0x2e0b4, 0x2e0b5, 0x2e0b6, 0x2e0b7, 0x2e0b8, 0x2e0b9, 0x2e0ba, 0x2e0bb,
0x2e0bc, 0x2e0bd, 0x2e0be, 0x2e0bf, 0x2e0c0, 0x2e0c1, 0x2e0c2, 0x2e0c3, 0x2e0c4, 0x2e0c5, 0x2e0c6, 0x2e0c7,
0x2e0c8, 0x2e0c9, 0x2e0ca, 0x2e0cb, 0x2e0cc, 0x2e0cd, 0x2e0ce, 0x2e0cf, 0x2e0d0, 0x2e0d1, 0x2e0d2, 0x2e0d3,
0x2e0d4, 0x2e0d5, 0x2e0d6, 0x2e0d7, 0x2e0d8, 0x2e0d9, 0x2e0da, 0x2e0db, 0x2e0dc, 0x2e0dd, 0x2e0de, 0x2e0df,
0x2e0e0, 0x2e0e1, 0x2e0e2, 0x2e0e3, 0x2e0e4, 0x2e0e5, 0x2e0e6, 0x2e0e7, 0x2e0e8, 0x2e0e9, 0x2e0ea, 0x2e0eb,
0x2e0ec, 0x2e0ed, 0x2e0ee, 0x2e0ef, 0x2e0f0, 0x2e0f1, 0x2e0f2, 0x2e0f3, 0x2e0f4, 0x2e0f5, 0x2e0f6, 0x2e0f7,
0x2e0f8, 0x2e0f9, 0x2e0fa, 0x4fffd, 0x2e0fb, 0x2e0fc, 0x2e0fd, 0x2e0fe, 0x2e0ff, 0x2e100, 0x2e101, 0x2e102,
0x2e103, 0x2e104, 0x2e105, 0x2e106, 0x2e107, 0x2e108, 0x2e109, 0x2e10a, 0x2e10b, 0x2e10c, 0x2e10d, 0x2e10e,
0x2e10f, 0x2e110, 0x2e111, 0x2e112, 0x2e113, 0x2e114, 0x2e115, 0x2e116, 0x2e117, 0x2e118, 0x2e119, 0x2e11a,
0x2e11b, 0x2e11c, 0x2e11d, 0x2e11e, 0x2e11f, 0x2e120, 0x2e121, 0x2e122, 0x2e123, 0x2e124, 0x2e125, 0x2e126,
0x2e127, 0x2e128, 0x2e129, 0x2e12a, 0x2e12b, 0x2e12c, 0x2e12d, 0x2e12e, 0x2e12f, 0x2e130, 0x2e131, 0x2e132,
0x2e133, 0x2e134, 0x2e135, 0x2e136, 0x2e137, 0x2e138, 0x2e139, 0x2e13a, 0x2e13b, 0x2e13c, 0x2e13d, 0x2e13e,
0x2e13f, 0x2e140, 0x2e141, 0x2e142, 0x2e143, 0x2e144, 0x2e145, 0x2e146, 0x2e147, 0x2e148, 0x2e149, 0x2e14a,
0x2e14b, 0x2e14c, 0x2e14d, 0x2e14e, 0x2e14f, 0x2e150, 0x2e151, 0x2e152, 0x2e153, 0x2e154, 0x2e155, 0x2e156,
0x2e157, 0x2e158, 0x2e159, 0x2e15a, 0x2e15b, 0x2e15c, 0x2e15d, 0x2e15e, 0x2e15f, 0x2e160, 0x2e161, 0x2e162,
0x2e163, 0x2e164, 0x2e165, 0x2e166, 0x2e167, 0x2e168, 0x2e169, 0x2e16a, 0x2e16b, 0x2e16c, 0x2e16d, 0x2e16e,
0x2e16f, 0x2e170, 0x2e171, 0x2e172, 0x2e173, 0x2e174, 0x2e175, 0x2e176, 0x2e177, 0x2e178, 0x2e179, 0x2e17a,
0x2e17b, 0x2e17c, 0x2e17d, 0x2e17e, 0x2e17f, 0x2e180, 0x2e181, 0x2e182, 0x2e183, 0x2e184, 0x2e185, 0x2e186,
0x2e187, 0x2e188, 0x2e189, 0x2e18a, 0x2e18b, 0x2e18c, 0x2e18d, 0x2e18e, 0x2e18f, 0x2e190, 0x2e191, 0x2e192,
0x2e193, 0x2e194, 0x2e195, 0x2e196, 0x2e197, 0x2e198, 0x2e199, 0x2e19a, 0x2e19b, 0x2e19c, 0x2e19d, 0x2e19e,
0x2e19f, 0x2e1a0, 0x2e1a1, 0x2e1a2, 0x2e1a3, 0x2e1a4, 0x2e1a5, 0x2e1a6, 0x2e1a7, 0x2e1a8, 0x2e1a9, 0x2e1aa,
0x2e1ab, 0x2e1ac, 0x2e1ad, 0x2e1ae, 0x2e1af, 0x2e1b0, 0x2e1b1, 0x2e1b2, 0x2e1b3, 0x2e1b4, 0x2e1b5, 0x2e1b6,
0x4fffd, 0x2e1b7, 0x2e1b8, 0x2e1b9, 0x2e1ba, 0x2e1bb, 0x2e1bc, 0x2e1bd, 0x2e1be, 0x2e1bf, 0x2e1c0, 0x2e1c1,
0x2e1c2, 0x2e1c3, 0x2e1c4, 0x2e1c5, 0x2e1c6, 0x2e1c7, 0x2e1c8, 0x2e1c9, 0x2e1ca, 0x2e1cb, 0x2e1cc, 0x2e1cd,
0x2e1ce, 0x2e1cf, 0x2e1d0, 0x2e1d1, 0x2e1d2, 0x2e1d3, 0x2e1d4, 0x2e1d5, 0x2e1d6, 0x2e1d7, 0x2e1d8, 0x2e1d9,
0x2e1da, 0x2e1db, 0x2e1dc, 0x2e1dd, 0x2e1de, 0x2e1df, 0x2e1e0, 0x2e1e1, 0x2e1e2, 0x2e1e3, 0x2e1e4, 0x2e1e5,
0x2e1e6, 0x2e1e7, 0x2e1e8, 0x2e1e9, 0x2e1ea, 0x2e1eb, 0x2e1ec, 0x2e1ed, 0x2e1ee, 0x2e1ef, 0x2e1f0, 0x2e1f1,
0x2e1f2, 0x2e1f3, 0x2e1f4, 0x2e1f5, 0x2e1f6, 0x2e1f7, 0x2e1f8, 0x2e1f9, 0x2e1fa, 0x2e1fb, 0x2e1fc, 0x2e1fd,
0x2e1fe, 0x2e1ff, 0x2e200, 0x2e201, 0x2e202, 0x2e203, 0x2e204, 0x2e205, 0x2e206, 0x2e207, 0x2e208, 0x2e209,
0x2e20a, 0x2e20b, 0x2e20c, 0x2e20d, 0x2e20e, 0x2e20f, 0x2e210, 0x2e211, 0x2e212, 0x2e213, 0x2e214, 0x2e215,
0x2e216, 0x2e217, 0x2e218, 0x2e219, 0x2e21a, 0x2e21b, 0x2e21c, 0x2e21d, 0x2e21e, 0x2e21f, 0x2e220, 0x2e221,
0x2e222, 0x2e223, 0x2e224, 0x2e225, 0x2e226, 0x2e227, 0x2e228, 0x2e229, 0x2e22a, 0x2e22b, 0x2e22c, 0x2e22d,
0x2e22e, 0x2e22f, 0x2e230, 0x2e231, 0x2e232, 0x2e233, 0x2e234, 0x2e235, 0x2e236, 0x2e237, 0x2e238, 0x2e239,
0x2e23a, 0x2e23b, 0x2e23c, 0x2e23d, 0x2e23e, 0x2e23f, 0x2e240, 0x2e241, 0x2e242, 0x2e243, 0x2e244, 0x2e245,
0x2e246, 0x2e247, 0x2e248, 0x2e249, 0x2e24a, 0x2e24b, 0x2e24c, 0x2e24d, 0x2e24e, 0x2e24f, 0x2e250, 0x2e251,
0x2e252, 0x2e253, 0x2e254, 0x2e255, 0x2e256, 0x2e257, 0x2e258, 0x2e259, 0x2e25a, 0x2e25b, 0x2e25c, 0x2e25d,
0x2e25e, 0x2e25f, 0x2e260, 0x2e261, 0x2e262, 0x2e263, 0x2e264, 0x2e265, 0x2e266, 0x2e267, 0x2e268, 0x2e269,
0x2e26a, 0x2e26b, 0x2e26c, 0x2e26d, 0x2e26e, 0x2e26f, 0x2e270, 0x2e271, 0x2e272, 0x4fffd, 0x2e273, 0x2e274,
0x2e275, 0x2e276, 0x2e277, 0x2e278, 0x2e279, 0x2e27a, 0x2e27b, 0x2e27c, 0x2e27d, 0x2e27e, 0x2e27f, 0x2e280,
0x2e281, 0x2e282, 0x2e283, 0x2e284, 0x2e285, 0x2e286, 0x2e287, 0x2e288, 0x2e289, 0x2e28a, 0x2e28b, 0x2e28c,
0x2e28d, 0x2e28e, 0x2e28f, 0x2e290, 0x2e291, 0x2e292, 0x2e293, 0x2e294, 0x2e295, 0x2e296, 0x2e297, 0x2e298,
0x2e299, 0x2e29a, 0x2e29b, 0x2e29c, 0x2e29d, 0x2e29e, 0x2e29f, 0x2e2a0, 0x2e2a1, 0x2e2a2, 0x2e2a3, 0x2e2a4,
0x2e2a5, 0x2e2a6, 0x2e2a7, 0x2e2a8, 0x2e2a9, 0x2e2aa, 0x2e2ab, 0x2e2ac, 0x2e2ad, 0x2e2ae, 0x2e2af, 0x2e2b0,
0x2e2b1, 0x2e2b2, 0x2e2b3, 0x2e2b4, 0x2e2b5, 0x2e2b6, 0x2e2b7, 0x2e2b8, 0x2e2b9, 0x2e2ba, 0x2e2bb, 0x2e2bc,
0x2e2bd, 0x2e2be, 0x2e2bf, 0x2e2c0, 0x2e2c1, 0x2e2c2, 0x2e2c3, 0x2e2c4, 0x2e2c5, 0x2e2c6, 0x2e2c7, 0x2e2c8,
0x2e2c9, 0x2e2ca, 0x2e2cb, 0x2e2cc, 0x2e2cd, 0x2e2ce, 0x2e2cf, 0x2e2d0, 0x2e2d1, 0x2e2d2, 0x2e2d3, 0x2e2d4,
0x2e2d5, 0x2e2d6, 0x2e2d7, 0x2e2d8, 0x2e2d9, 0x2e2da, 0x2e2db, 0x2e2dc, 0x2e2dd, 0x2e2de, 0x2e2df, 0x2e2e0,
0x2e2e1, 0x2e2e2, 0x2e2e3, 0x2e2e4, 0x2e2e5, 0x2e2e6, 0x2e2e7, 0x2e2e8, 0x2e2e9, 0x2e2ea, 0x2e2eb, 0x2e2ec,
0x2e2ed, 0x2e2ee, 0x2e2ef, 0x2e2f0, 0x2e2f1, 0x2e2f2, 0x2e2f3, 0x2e2f4, 0x2e2f5, 0x2e2f6, 0x2e2f7, 0x2e2f8,
0x2e2f9, 0x2e2fa, 0x2e2fb, 0x2e2fc, 0x2e2fd, 0x2e2fe, 0x2e2ff, 0x2e300, 0x2e301, 0x2e302, 0x2e303, 0x2e304,
0x2e305, 0x2e306, 0x2e307, 0x2e308, 0x2e309, 0x2e30a, 0x2e30b, 0x2e30c, 0x2e30d, 0x2e30e, 0x2e30f, 0x2e310,
0x2e311, 0x2e312, 0x2e313, 0x2e314, 0x2e315, 0x2e316, 0x2e317, 0x2e318, 0x2e319, 0x2e31a, 0x2e31b, 0x2e31c,
0x2e31d, 0x2e31e, 0x2e31f, 0x2e320, 0x2e321, 0x2e322, 0x2e323, 0x2e324, 0x2e325, 0x2e326, 0x2e327, 0x2e328,
0x2e329, 0x2e32a, 0x2e32b, 0x2e32c, 0x2e32d, 0x2e32e, 0x4fffd, 0x2e32f, 0x2e330, 0x2e331, 0x2e332, 0x2e333,
0x2e334, 0x2e335, 0x2e336, 0x2e337, 0x2e338, 0x2e339, 0x2e33a, 0x2e33b, 0x2e33c, 0x2e33d, 0x2e33e, 0x2e33f,
0x2e340, 0x2e341, 0x2e342, 0x2e343, 0x2e344, 0x2e345, 0x2e346, 0x2e347, 0x2e348, 0x2e349, 0x2e34a, 0x2e34b,
0x2e34c, 0x2e34d, 0x2e34e, 0x2e34f, 0x2e350, 0x2e351, 0x2e352, 0x2e353, 0x2e354, 0x2e355, 0x2e356, 0x2e357,
0x2e358, 0x2e359, 0x2e35a, 0x2e35b, 0x2e35c, 0x2e35d, 0x2e35e, 0x2e35f, 0x2e360, 0x2e361, 0x2e362, 0x2e363,
0x2e364, 0x2e365, 0x2e366, 0x2e367, 0x2e368, 0x2e369, 0x2e36a, 0x2e36b, 0x2e36c, 0x2e36d, 0x2e36e, 0x2e36f,
0x2e370, 0x2e371, 0x2e372, 0x2e373, 0x2e374, 0x2e375, 0x2e376, 0x2e377, 0x2e378, 0x2e379, 0x2e37a, 0x2e37b,
0x2e37c, 0x2e37d, 0x2e37e, 0x2e37f, 0x2e380, 0x2e381, 0x2e382, 0x2e383, 0x2e384, 0x2e385, 0x2e386, 0x2e387,
0x2e388, 0x2e389, 0x2e38a, 0x2e38b, 0x2e38c, 0x2e38d, 0x2e38e, 0x2e38f, 0x2e390, 0x2e391, 0x2e392, 0x2e393,
0x2e394, 0x2e395, 0x2e396, 0x2e397, 0x2e398, 0x2e399, 0x2e39a, 0x2e39b, 0x2e39c, 0x2e39d, 0x2e39e, 0x2e39f,
0x2e3a0, 0x2e3a1, 0x2e3a2, 0x2e3a3, 0x2e3a4, 0x2e3a5, 0x2e3a6, 0x2e3a7, 0x2e3a8, 0x2e3a9, 0x2e3aa, 0x2e3ab,
0x2e3ac, 0x2e3ad, 0x2e3ae, 0x2e3af, 0x2e3b0, 0x2e3b1, 0x2e3b2, 0x2e3b3, 0x2e3b4, 0x2e3b5, 0x2e3b6, 0x2e3b7,
0x2e3b8, 0x2e3b9, 0x2e3ba, 0x2e3bb, 0x2e3bc, 0x2e3bd, 0x2e3be, 0x2e3bf, 0x2e3c0, 0x2e3c1, 0x2e3c2, 0x2e3c3,
0x2e3c4, 0x2e3c5, 0x2e3c6, 0x2e3c7, 0x2e3c8, 0x2e3c9, 0x2e3ca, 0x2e3cb, 0x2e3cc, 0x2e3cd, 0x2e3ce, 0x2e3cf,
0x2e3d0, 0x2e3d1, 0x2e3d2, 0x2e3d3, 0x2e3d4, 0x2e3d5, 0x2e3d6, 0x2e3d7, 0x2e3d8, 0x2e3d9, 0x2e3da, 0x2e3db,
0x2e3dc, 0x2e3dd, 0x2e3de, 0x2e3df, 0x2e3e0, 0x2e3e1, 0x2e3e2, 0x2e3e3, 0x2e3e4, 0x2e3e5, 0x2e3e6, 0x2e3e7,
0x2e3e8, 0x2e3e9, 0x2e3ea, 0x4fffd, 0x2e3eb, 0x2e3ec, 0x2e3ed, 0x2e3ee, 0x2e3ef, 0x2e3f0, 0x2e3f1, 0x2e3f2,
0x2e3f3, 0x2e3f4, 0x2e3f5, 0x2e3f6, 0x2e3f7, 0x2e3f8, 0x2e3f9, 0x2e3fa, 0x2e3fb, 0x2e3fc, 0x2e3fd, 0x2e3fe,
0x2e3ff, 0x2e400, 0x2e401, 0x2e402, 0x2e403, 0x2e404, 0x2e405, 0x2e406, 0x2e407, 0x2e408, 0x2e409, 0x2e40a,
0x2e40b, 0x2e40c, 0x2e40d, 0x2e40e, 0x2e40f, 0x2e410, 0x2e411, 0x2e412, 0x2e413, 0x2e414, 0x2e415, 0x2e416,
0x2e417, 0x2e418, 0x2e419, 0x2e41a, 0x2e41b, 0x2e41c, 0x2e41d, 0x2e41e, 0x2e41f, 0x2e420, 0x2e421, 0x2e422,
0x2e423, 0x2e424, 0x2e425, 0x2e426, 0x2e427, 0x2e428, 0x2e429, 0x2e42a, 0x2e42b, 0x2e42c, 0x2e42d, 0x2e42e,
0x2e42f, 0x2e430, 0x2e431, 0x2e432, 0x2e433, 0x2e434, 0x2e435, 0x2e436, 0x2e437, 0x2e438, 0x2e439, 0x2e43a,
0x2e43b, 0x2e43c, 0x2e43d, 0x2e43e, 0x2e43f, 0x2e440, 0x2e441, 0x2e442, 0x2e443, 0x2e444, 0x2e445, 0x2e446,
0x2e447, 0x2e448, 0x2e449, 0x2e44a, 0x2e44b, 0x2e44c, 0x2e44d, 0x2e44e, 0x2e44f, 0x2e450, 0x2e451, 0x2e452,
0x2e453, 0x2e454, 0x2e455, 0x2e456, 0x2e457, 0x2e458, 0x2e459, 0x2e45a, 0x2e45b, 0x2e45c, 0x2e45d, 0x2e45e,
0x2e45f, 0x2e460, 0x2e461, 0x2e462, 0x2e463, 0x2e464, 0x2e465, 0x2e466, 0x2e467, 0x2e468, 0x2e469, 0x2e46a,
0x2e46b, 0x2e46c, 0x2e46d, 0x2e46e, 0x2e46f, 0x2e470, 0x2e471, 0x2e472, 0x2e473, 0x2e474, 0x2e475, 0x2e476,
0x2e477, 0x2e478, 0x2e479, 0x2e47a, 0x2e47b, 0x2e47c, 0x2e47d, 0x2e47e, 0x2e47f, 0x2e480, 0x2e481, 0x2e482,
0x2e483, 0x2e484, 0x2e485, 0x2e486, 0x2e487, 0x2e488, 0x2e489, 0x2e48a, 0x2e48b, 0x2e48c, 0x2e48d, 0x2e48e,
0x2e48f, 0x2e490, 0x2e491, 0x2e492, 0x2e493, 0x2e494, 0x2e495, 0x2e496, 0x2e497, 0x2e498, 0x2e499, 0x2e49a,
0x2e49b, 0x2e49c, 0x2e49d, 0x2e49e, 0x2e49f, 0x2e4a0, 0x2e4a1, 0x2e4a2, 0x2e4a3, 0x2e4a4, 0x2e4a5, 0x2e4a6,
0x4fffd, 0x2e4a7, 0x2e4a8, 0x2e4a9, 0x2e4aa, 0x2e4ab, 0x2e4ac, 0x2e4ad, 0x2e4ae, 0x2e4af, 0x2e4b0, 0x2e4b1,
0x2e4b2, 0x2e4b3, 0x2e4b4, 0x2e4b5, 0x2e4b6, 0x2e4b7, 0x2e4b8, 0x2e4b9, 0x2e4ba, 0x2e4bb, 0x2e4bc, 0x2e4bd,
0x2e4be, 0x2e4bf, 0x2e4c0, 0x2e4c1, 0x2e4c2, 0x2e4c3, 0x2e4c4, 0x2e4c5, 0x2e4c6, 0x2e4c7, 0x2e4c8, 0x2e4c9,
0x2e4ca, 0x2e4cb, 0x2e4cc, 0x2e4cd, 0x2e4ce, 0x2e4cf, 0x2e4d0, 0x2e4d1, 0x2e4d2, 0x2e4d3, 0x2e4d4, 0x2e4d5,
0x2e4d6, 0x2e4d7, 0x2e4d8, 0x2e4d9, 0x2e4da, 0x2e4db, 0x2e4dc, 0x2e4dd, 0x2e4de, 0x2e4df, 0x2e4e0, 0x2e4e1,
0x2e4e2, 0x2e4e3, 0x2e4e4, 0x2e4e5, 0x2e4e6, 0x2e4e7, 0x2e4e8, 0x2e4e9, 0x2e4ea, 0x2e4eb, 0x2e4ec, 0x2e4ed,
0x2e4ee, 0x2e4ef, 0x2e4f0, 0x2e4f1, 0x2e4f2, 0x2e4f3, 0x2e4f4, 0x2e4f5, 0x2e4f6, 0x2e4f7, 0x2e4f8, 0x2e4f9,
0x2e4fa, 0x2e4fb, 0x2e4fc, 0x2e4fd, 0x2e4fe, 0x2e4ff, 0x2e500, 0x2e501, 0x2e502, 0x2e503, 0x2e504, 0x2e505,
0x2e506, 0x2e507, 0x2e508, 0x2e509, 0x2e50a, 0x2e50b, 0x2e50c, 0x2e50d, 0x2e50e, 0x2e50f, 0x2e510, 0x2e511,
0x2e512, 0x2e513, 0x2e514, 0x2e515, 0x2e516, 0x2e517, 0x2e518, 0x2e519, 0x2e51a, 0x2e51b, 0x2e51c, 0x2e51d,
0x2e51e, 0x2e51f, 0x2e520, 0x2e521, 0x2e522, 0x2e523, 0x2e524, 0x2e525, 0x2e526, 0x2e527, 0x2e528, 0x2e529,
0x2e52a, 0x2e52b, 0x2e52c, 0x2e52d, 0x2e52e, 0x2e52f, 0x2e530, 0x2e531, 0x2e532, 0x2e533, 0x2e534, 0x2e535,
0x2e536, 0x2e537, 0x2e538, 0x2e539, 0x2e53a, 0x2e53b, 0x2e53c, 0x2e53d, 0x2e53e, 0x2e53f, 0x2e540, 0x2e541,
0x2e542, 0x2e543, 0x2e544, 0x2e545, 0x2e546, 0x2e547, 0x2e548, 0x2e549, 0x2e54a, 0x2e54b, 0x2e54c, 0x2e54d,
0x2e54e, 0x2e54f, 0x2e550, 0x2e551, 0x2e552, 0x2e553, 0x2e554, 0x2e555, 0x2e556, 0x2e557, 0x2e558, 0x2e559,
0x2e55a, 0x2e55b, 0x2e55c, 0x2e55d, 0x2e55e, 0x2e55f, 0x2e560, 0x2e561, 0x2e562, 0x4fffd, 0x2e563, 0x2e564,
0x2e565, 0x2e566, 0x2e567, 0x2e568, 0x2e569, 0x2e56a, 0x2e56b, 0x2e56c, 0x2e56d, 0x2e56e, 0x2e56f, 0x2e570,
0x2e571, 0x2e572, 0x2e573, 0x2e574, 0x2e575, 0x2e576, 0x2e577, 0x2e578, 0x2e579, 0x2e57a, 0x2e57b, 0x2e57c,
0x2e57d, 0x2e57e, 0x2e57f, 0x2e580, 0x2e581, 0x2e582, 0x2e583, 0x2e584, 0x2e585, 0x2e586, 0x2e587, 0x2e588,
0x2e589, 0x2e58a, 0x2e58b, 0x2e58c, 0x2e58d, 0x2e58e, 0x2e58f, 0x2e590, 0x2e591, 0x2e592, 0x2e593, 0x2e594,
0x2e595, 0x2e596, 0x2e597, 0x2e598, 0x2e599, 0x2e59a, 0x2e59b, 0x2e59c, 0x2e59d, 0x2e59e, 0x2e59f, 0x2e5a0,
0x2e5a1, 0x2e5a2, 0x2e5a3, 0x2e5a4, 0x2e5a5, 0x2e5a6, 0x2e5a7, 0x2e5a8, 0x2e5a9, 0x2e5aa, 0x2e5ab, 0x2e5ac,
0x2e5ad, 0x2e5ae, 0x2e5af, 0x2e5b0, 0x2e5b1, 0x2e5b2, 0x2e5b3, 0x2e5b4, 0x2e5b5, 0x2e5b6, 0x2e5b7, 0x2e5b8,
0x2e5b9, 0x2e5ba, 0x2e5bb, 0x2e5bc, 0x2e5bd, 0x2e5be, 0x2e5bf, 0x2e5c0, 0x2e5c1, 0x2e5c2, 0x2e5c3, 0x2e5c4,
0x2e5c5, 0x2e5c6, 0x2e5c7, 0x2e5c8, 0x2e5c9, 0x2e5ca, 0x2e5cb, 0x2e5cc, 0x2e5cd, 0x2e5ce, 0x2e5cf, 0x2e5d0,
0x2e5d1, 0x2e5d2, 0x2e5d3, 0x2e5d4, 0x2e5d5, 0x2e5d6, 0x2e5d7, 0x2e5d8, 0x2e5d9, 0x2e5da, 0x2e5db, 0x2e5dc,
0x2e5dd, 0x2e5de, 0x2e5df, 0x2e5e0, 0x2e5e1, 0x2e5e2, 0x2e5e3, 0x2e5e4, 0x2e5e5, 0x2e5e6, 0x2e5e7, 0x2e5e8,
0x2e5e9, 0x2e5ea, 0x2e5eb, 0x2e5ec, 0x2e5ed, 0x2e5ee, 0x2e5ef, 0x2e5f0, 0x2e5f1, 0x2e5f2, 0x2e5f3, 0x2e5f4,
0x2e5f5, 0x2e5f6, 0x2e5f7, 0x2e5f8, 0x2e5f9, 0x2e5fa, 0x2e5fb, 0x2e5fc, 0x2e5fd, 0x2e5fe, 0x2e5ff, 0x2e600,
0x2e601, 0x2e602, 0x2e603, 0x2e604, 0x2e605, 0x2e606, 0x2e607, 0x2e608, 0x2e609, 0x2e60a, 0x2e60b, 0x2e60c,
0x2e60d, 0x2e60e, 0x2e60f, 0x2e610, 0x2e611, 0x2e612, 0x2e613, 0x2e614, 0x2e615, 0x2e616, 0x2e617, 0x2e618,
0x2e619, 0x2e61a, 0x2e61b, 0x2e61c, 0x2e61d, 0x2e61e, 0x4fffd, 0x2e61f, 0x2e620, 0x2e621, 0x2e622, 0x2e623,
0x2e624, 0x2e625, 0x2e626, 0x2e627, 0x2e628, 0x2e629, 0x2e62a, 0x2e62b, 0x2e62c, 0x2e62d, 0x2e62e, 0x2e62f,
0x2e630, 0x2e631, 0x2e632, 0x2e633, 0x2e634, 0x2e635, 0x2e636, 0x2e637, 0x2e638, 0x2e639, 0x2e63a, 0x2e63b,
0x2e63c, 0x2e63d, 0x2e63e, 0x2e63f, 0x2e640, 0x2e641, 0x2e642, 0x2e643, 0x2e644, 0x2e645, 0x2e646, 0x2e647,
0x2e648, 0x2e649, 0x2e64a, 0x2e64b, 0x2e64c, 0x2e64d, 0x2e64e, 0x2e64f, 0x2e650, 0x2e651, 0x2e652, 0x2e653,
0x2e654, 0x2e655, 0x2e656, 0x2e657, 0x2e658, 0x2e659, 0x2e65a, 0x2e65b, 0x2e65c, 0x2e65d, 0x2e65e, 0x2e65f,
0x2e660, 0x2e661, 0x2e662, 0x2e663, 0x2e664, 0x2e665, 0x2e666, 0x2e667, 0x2e668, 0x2e669, 0x2e66a, 0x2e66b,
0x2e66c, 0x2e66d, 0x2e66e, 0x2e66f, 0x2e670, 0x2e671, 0x2e672, 0x2e673, 0x2e674, 0x2e675, 0x2e676, 0x2e677,
0x2e678, 0x2e679, 0x2e67a, 0x2e67b, 0x2e67c, 0x2e67d, 0x2e67e, 0x2e67f, 0x2e680, 0x2e681, 0x2e682, 0x2e683,
0x2e684, 0x2e685, 0x2e686, 0x2e687, 0x2e688, 0x2e689, 0x2e68a, 0x2e68b, 0x2e68c, 0x2e68d, 0x2e68e, 0x2e68f,
0x2e690, 0x2e691, 0x2e692, 0x2e693, 0x2e694, 0x2e695, 0x2e696, 0x2e697, 0x2e698, 0x2e699, 0x2e69a, 0x2e69b,
0x2e69c, 0x2e69d, 0x2e69e, 0x2e69f, 0x2e6a0, 0x2e6a1, 0x2e6a2, 0x2e6a3, 0x2e6a4, 0x2e6a5, 0x2e6a6, 0x2e6a7,
0x2e6a8, 0x2e6a9, 0x2e6aa, 0x2e6ab, 0x2e6ac, 0x2e6ad, 0x2e6ae, 0x2e6af, 0x2e6b0, 0x2e6b1, 0x2e6b2, 0x2e6b3,
0x2e6b4, 0x2e6b5, 0x2e6b6, 0x2e6b7, 0x2e6b8, 0x2e6b9, 0x2e6ba, 0x2e6bb, 0x2e6bc, 0x2e6bd, 0x2e6be, 0x2e6bf,
0x2e6c0, 0x2e6c1, 0x2e6c2, 0x2e6c3, 0x2e6c4, 0x2e6c5, 0x2e6c6, 0x2e6c7, 0x2e6c8, 0x2e6c9, 0x2e6ca, 0x2e6cb,
0x2e6cc, 0x2e6cd, 0x2e6ce, 0x2e6cf, 0x2e6d0, 0x2e6d1, 0x2e6d2, 0x2e6d3, 0x2e6d4, 0x2e6d5, 0x2e6d6, 0x2e6d7,
0x2e6d8, 0x2e6d9, 0x2e6da, 0x4fffd, 0x2e6db, 0x2e6dc, 0x2e6dd, 0x2e6de, 0x2e6df, 0x2e6e0, 0x2e6e1, 0x2e6e2,
0x2e6e3, 0x2e6e4, 0x2e6e5, 0x2e6e6, 0x2e6e7, 0x2e6e8, 0x2e6e9, 0x2e6ea, 0x2e6eb, 0x2e6ec, 0x2e6ed, 0x2e6ee,
0x2e6ef, 0x2e6f0, 0x2e6f1, 0x2e6f2, 0x2e6f3, 0x2e6f4, 0x2e6f5, 0x2e6f6, 0x2e6f7, 0x2e6f8, 0x2e6f9, 0x2e6fa,
0x2e6fb, 0x2e6fc, 0x2e6fd, 0x2e6fe, 0x2e6ff, 0x2e700, 0x2e701, 0x2e702, 0x2e703, 0x2e704, 0x2e705, 0x2e706,
0x2e707, 0x2e708, 0x2e709, 0x2e70a, 0x2e70b, 0x2e70c, 0x2e70d, 0x2e70e, 0x2e70f, 0x2e710, 0x2e711, 0x2e712,
0x2e713, 0x2e714, 0x2e715, 0x2e716, 0x2e717, 0x2e718, 0x2e719, 0x2e71a, 0x2e71b, 0x2e71c, 0x2e71d, 0x2e71e,
0x2e71f, 0x2e720, 0x2e721, 0x2e722, 0x2e723, 0x2e724, 0x2e725, 0x2e726, 0x2e727, 0x2e728, 0x2e729, 0x2e72a,
0x2e72b, 0x2e72c, 0x2e72d, 0x2e72e, 0x2e72f, 0x2e730, 0x2e731, 0x2e732, 0x2e733, 0x2e734, 0x2e735, 0x2e736,
0x2e737, 0x2e738, 0x2e739, 0x2e73a, 0x2e73b, 0x2e73c, 0x2e73d, 0x2e73e, 0x2e73f, 0x2e740, 0x2e741, 0x2e742,
0x2e743, 0x2e744, 0x2e745, 0x2e746, 0x2e747, 0x2e748, 0x2e749, 0x2e74a, 0x2e74b, 0x2e74c, 0x2e74d, 0x2e74e,
0x2e74f, 0x2e750, 0x2e751, 0x2e752, 0x2e753, 0x2e754, 0x2e755, 0x2e756, 0x2e757, 0x22170, 0x22171, 0x22172,
0x22173, 0x22174, 0x22175, 0x22176, 0x22177, 0x22178, 0x22179, 0x02160, 0x02161, 0x02162, 0x02163, 0x02164,
0x02165, 0x02166, 0x02167, 0x02168, 0x02169, 0x0ffe2, 0x2ffe4, 0x2ff07, 0x2ff02, 0x03231, 0x02116, 0x02121,
0x02235, 0x27e8a, 0x2891c, 0x29348, 0x29288, 0x284dc, 0x24fc9, 0x270bb, 0x26631, 0x268c8, 0x292f9, 0x266fb,
0x25f45, 0x24e28, 0x24ee1, 0x24efc, 0x24f00, 0x24f03, 0x24f39, 0x24f56, 0x24f92, 0x24f8a, 0x24f9a, 0x24f94,
0x24fcd, 0x25040, 0x25022, 0x24fff, 0x2501e, 0x25046, 0x25070, 0x25042, 0x25094, 0x250f4, 0x250d8, 0x2514a,
0x4fffd, 0x25164, 0x2519d, 0x251be, 0x251ec, 0x25215, 0x2529c, 0x252a6, 0x252c0, 0x252db, 0x25300, 0x25307,
0x25324, 0x25372, 0x25393, 0x253b2, 0x253dd, 0x2fa0e, 0x2549c, 0x2548a, 0x254a9, 0x254ff, 0x25586, 0x25759,
0x25765, 0x257ac, 0x257c8, 0x257c7, 0x2fa0f, 0x2fa10, 0x2589e, 0x258b2, 0x2590b, 0x25953, 0x2595b, 0x2595d,
0x25963, 0x259a4, 0x259ba, 0x25b56, 0x25bc0, 0x2752f, 0x25bd8, 0x25bec, 0x25c1e, 0x25ca6, 0x25cba, 0x25cf5,
0x25d27, 0x25d53, 0x2fa11, 0x25d42, 0x25d6d, 0x25db8, 0x25db9, 0x25dd0, 0x25f21, 0x25f34, 0x25f67, 0x25fb7,
0x25fde, 0x2605d, 0x26085, 0x2608a, 0x260de, 0x260d5, 0x26120, 0x260f2, 0x26111, 0x26137, 0x26130, 0x26198,
0x26213, 0x262a6, 0x263f5, 0x26460, 0x2649d, 0x264ce, 0x2654e, 0x26600, 0x26615, 0x2663b, 0x26609, 0x2662e,
0x2661e, 0x26624, 0x26665, 0x26657, 0x26659, 0x2fa12, 0x26673, 0x26699, 0x266a0, 0x266b2, 0x266bf, 0x266fa,
0x2670e, 0x2f929, 0x26766, 0x267bb, 0x26852, 0x267c0, 0x26801, 0x26844, 0x268cf, 0x2fa13, 0x26968, 0x2fa14,
0x26998, 0x269e2, 0x26a30, 0x26a6b, 0x26a46, 0x26a73, 0x26a7e, 0x26ae2, 0x26ae4, 0x26bd6, 0x26c3f, 0x26c5c,
0x26c86, 0x26c6f, 0x26cda, 0x26d04, 0x26d87, 0x26d6f, 0x26d96, 0x26dac, 0x26dcf, 0x26df8, 0x26df2, 0x26dfc,
0x26e39, 0x26e5c, 0x26e27, 0x26e3c, 0x26ebf, 0x26f88, 0x26fb5, 0x26ff5, 0x27005, 0x27007, 0x27028, 0x27085,
0x270ab, 0x2710f, 0x27104, 0x2715c, 0x27146, 0x27147, 0x2fa15, 0x271c1, 0x271fe, 0x272b1, 0x272be, 0x27324,
0x2fa16, 0x27377, 0x273bd, 0x273c9, 0x273d6, 0x273e3, 0x273d2, 0x27407, 0x273f5, 0x27426, 0x2742a, 0x27429,
0x2742e, 0x27462, 0x27489, 0x2749f, 0x27501, 0x2756f, 0x27682, 0x2769c, 0x2769e, 0x2769b, 0x276a6, 0x2fa17,
0x27746, 0x252af, 0x27821, 0x2784e, 0x27864, 0x2787a, 0x27930, 0x2fa18, 0x2fa19, 0x4fffd, 0x2fa1a, 0x27994,
0x2fa1b, 0x2799b, 0x27ad1, 0x27ae7, 0x2fa1c, 0x27aeb, 0x27b9e, 0x2fa1d, 0x27d48, 0x27d5c, 0x27db7, 0x27da0,
0x27dd6, 0x27e52, 0x27f47, 0x27fa1, 0x2fa1e, 0x28301, 0x28362, 0x2837f, 0x283c7, 0x283f6, 0x28448, 0x284b4,
0x28553, 0x28559, 0x2856b, 0x2fa1f, 0x285b0, 0x2fa20, 0x2fa21, 0x28807, 0x288f5, 0x28a12, 0x28a37, 0x28a79,
0x28aa7, 0x28abe, 0x28adf, 0x2fa22, 0x28af6, 0x28b53, 0x28b7f, 0x28cf0, 0x28cf4, 0x28d12, 0x28d76, 0x2fa23,
0x28ecf, 0x2fa24, 0x2fa25, 0x29067, 0x290de, 0x2fa26, 0x29115, 0x29127, 0x291da, 0x291d7, 0x291de, 0x291ed,
0x291ee, 0x291e4, 0x291e5, 0x29206, 0x29210, 0x2920a, 0x2923a, 0x29240, 0x2923c, 0x2924e, 0x29259, 0x29251,
0x29239, 0x29267, 0x292a7, 0x29277, 0x29278, 0x292e7, 0x292d7, 0x292d9, 0x292d0, 0x2fa27, 0x292d5, 0x292e0,
0x292d3, 0x29325, 0x29321, 0x292fb, 0x2fa28, 0x2931e, 0x292ff, 0x2931d, 0x29302, 0x29370, 0x29357, 0x293a4,
0x293c6, 0x293de, 0x293f8, 0x29431, 0x29445, 0x29448, 0x29592, 0x2f9dc, 0x2fa29, 0x2969d, 0x296af, 0x29733,
0x2973b, 0x29743, 0x2974d, 0x2974f, 0x29751, 0x29755, 0x29857, 0x29865, 0x2fa2a, 0x2fa2b, 0x29927, 0x2fa2c,
0x2999e, 0x29a4e, 0x29ad9, 0x29adc, 0x29b75, 0x29b72, 0x29b8f, 0x29bb1, 0x29bbb, 0x29c00, 0x29d70, 0x29d6b,
0x2fa2d, 0x29e19, 0x29ed1, 0x4fffd, 0x4fffd, 0x4fffd, 0x4fffd, 0x4fffd, 0x4fffd, 0x4fffd, 0x4fffd, 0x4fffd,
0x4fffd, 0x4fffd, 0x4fffd, 0x4fffd, 0x4fffd, 0x4fffd, 0x4fffd, 0x4fffd, 0x4fffd, 0x4fffd, 0x4fffd, 0x4fffd,
0x4fffd, 0x4fffd, 0x4fffd, 0x4fffd, 0x4fffd, 0x4fffd, 0x4fffd, 0x4fffd, 0x4fffd, 0x4fffd, 0x4fffd, 0x4fffd,
0x4fffd, 0x4fffd, 0x4fffd, 0x4fffd, 0x4fffd, 0x4fffd, 0x4fffd, 0x4fffd, 0x4fffd, 0x4fffd, 0x4fffd, 0x4fffd,
0x4fffd, 0x4fffd, 0x4fffd, 0x4fffd, 0x4fffd, 0x4fffd, 0x4fffd, 0x0fffd, 0x4fffd, 0x4fffd, 0x4fffd, 0x4fffd,
0x0fffd, 0x0fffd, 0x4fffd, 0x4fffd, 0x4fffd, 0x4fffd, 0x4fffd, 0x4fffd, 0x4fffd, 0x4fffd, 0x4fffd, 0x4fffd,
0x4fffd, 0x4fffd, 0x4fffd, 0x4fffd, 0x4fffd, 0x4fffd, 0x4fffd, 0x4fffd, 0x4fffd, 0x4fffd, 0x4fffd, 0x4fffd,
0x4fffd, 0x4fffd, 0x4fffd, 0x0fffd, 0x4fffd, 0x4fffd, 0x4fffd, 0x4fffd, 0x4fffd, 0x4fffd, 0x4fffd, 0x4fffd,
0x4fffd, 0x4fffd, 0x4fffd, 0x4fffd, 0x4fffd, 0x4fffd, 0x4fffd, 0x4fffd, 0x4fffd, 0x4fffd, 0x4fffd, 0x4fffd,
0x4fffd, 0x4fffd, 0x4fffd, 0x4fffd, 0x4fffd, 0x4fffd, 0x4fffd, 0x4fffd, 0x4fffd, 0x4fffd, 0x4fffd, 0x4fffd,
0x4fffd, 0x4fffd, 0x4fffd, 0x4fffd, 0x4fffd, 0x4fffd, 0x4fffd, 0x4fffd, 0x4fffd, 0x4fffd, 0x4fffd, 0x4fffd,
0x4fffd, 0x4fffd, 0x4fffd, 0x4fffd, 0x4fffd, 0x4fffd, 0x4fffd, 0x4fffd, 0x4fffd, 0x4fffd, 0x4fffd, 0x4fffd,
0x4fffd, 0x4fffd, 0x4fffd, 0x4fffd, 0x4fffd, 0x4fffd, 0x4fffd, 0x4fffd, 0x4fffd, 0x4fffd, 0x4fffd, 0x4fffd,
0x4fffd, 0x4fffd, 0x4fffd, 0x4fffd, 0x4fffd, 0x4fffd, 0x0fffd, 0x0fffd, 0x4fffd, 0x4fffd, 0x0fffd, 0x4fffd,
0x4fffd, 0x4fffd, 0x4fffd, 0x4fffd, 0x4fffd, 0x4fffd, 0x4fffd, 0x4fffd, 0x4fffd, 0x4fffd, 0x4fffd, 0x4fffd,
};
constexpr unsigned char kMs932InvalidPairLength[] = {
1, 1, 1, 1, 1, 1, 1, 1, 1, 1, 1, 1, 1, 1, 1, 1, 1, 1, 1, 1, 1, 1, 1, 1, 1, 1, 1, 1, 1, 1, 1, 1,
1, 1, 1, 1, 1, 1, 1, 1, 1, 1, 1, 1, 1, 1, 1, 1, 1, 1, 1, 1, 1, 1, 1, 1, 1, 1, 1, 1, 1, 1, 1, 1,
1, 1, 1, 1, 1, 1, 1, 1, 1, 1, 1, 1, 1, 1, 1, 1, 1, 1, 1, 1, 1, 1, 1, 1, 1, 1, 1, 1, 1, 1, 1, 1,
1, 1, 1, 1, 1, 1, 1, 1, 1, 1, 1, 1, 1, 1, 1, 1, 1, 1, 1, 1, 1, 1, 1, 1, 1, 1, 1, 1, 1, 1, 1, 1,
1, 2, 2, 2, 2, 1, 1, 2, 2, 2, 2, 2, 2, 2, 2, 2, 2, 2, 2, 2, 2, 2, 2, 2, 2, 2, 2, 2, 2, 2, 2, 2,
1, 1, 1, 1, 1, 1, 1, 1, 1, 1, 1, 1, 1, 1, 1, 1, 1, 1, 1, 1, 1, 1, 1, 1, 1, 1, 1, 1, 1, 1, 1, 1,
1, 1, 1, 1, 1, 1, 1, 1, 1, 1, 1, 1, 1, 1, 1, 1, 1, 1, 1, 1, 1, 1, 1, 1, 1, 1, 1, 1, 1, 1, 1, 1,
2, 2, 2, 2, 2, 2, 2, 2, 2, 2, 2, 1, 1, 2, 2, 1, 2, 2, 2, 2, 2, 2, 2, 2, 2, 2, 2, 2, 2, 1, 1, 1,
};
} // namespace bms_parser::detail
